distance_mm,height_mm,level,x_profile_mm,y_profile_mm,x_samlight_mm,y_samlight_mm
0.000000,-0.069070,2,4.064494,-3.143519,-50.006488,-0.000709
0.003705,-0.088265,2,4.061219,-3.145251,-50.009761,-0.002397
0.007411,-0.099205,2,4.057944,-3.146984,-50.013034,-0.004084
0.011116,-0.101177,2,4.054668,-3.148716,-50.016306,-0.005772
0.014821,-0.099171,2,4.051393,-3.150449,-50.019579,-0.007459
0.018527,-0.093502,2,4.048118,-3.152181,-50.022852,-0.009147
0.022232,-0.086899,2,4.044842,-3.153914,-50.026124,-0.010834
0.025937,-0.079520,2,4.041567,-3.155646,-50.029397,-0.012522
0.029643,-0.073387,2,4.038292,-3.157379,-50.032670,-0.014209
0.033348,-0.068571,2,4.035016,-3.159111,-50.035942,-0.015897
0.037053,-0.060652,2,4.031741,-3.160844,-50.039215,-0.017584
0.040759,-0.052438,2,4.028465,-3.162576,-50.042488,-0.019272
0.044464,-0.044297,2,4.025190,-3.164309,-50.045760,-0.020959
0.048169,-0.038616,2,4.021915,-3.166041,-50.049033,-0.022647
0.051875,-0.035348,2,4.018639,-3.167774,-50.052306,-0.024334
0.055580,-0.032143,2,4.015364,-3.169506,-50.055578,-0.026022
0.059285,-0.026523,2,4.012089,-3.171239,-50.058851,-0.027709
0.062991,-0.018400,2,4.008813,-3.172971,-50.062123,-0.029397
0.066696,-0.010049,2,4.005538,-3.174704,-50.065396,-0.031084
0.070401,-0.001012,2,4.002263,-3.176436,-50.068669,-0.032772
0.074107,0.015507,2,3.998987,-3.178169,-50.071941,-0.034459
0.077812,0.034376,2,3.995712,-3.179901,-50.075214,-0.036147
0.081517,0.049300,2,3.992437,-3.181634,-50.078487,-0.037834
0.085223,0.059488,2,3.989161,-3.183366,-50.081759,-0.039522
0.088928,0.062563,2,3.985886,-3.185099,-50.085032,-0.041209
0.092633,0.063372,2,3.982610,-3.186831,-50.088305,-0.042897
0.096339,0.062510,2,3.979335,-3.188564,-50.091577,-0.044584
0.100044,0.060742,2,3.976060,-3.190296,-50.094850,-0.046272
0.103749,0.058987,2,3.972784,-3.192029,-50.098123,-0.047959
0.107455,0.058103,2,3.969509,-3.193761,-50.101395,-0.049647
0.111160,0.058000,2,3.966234,-3.195494,-50.104668,-0.051334
0.114865,0.058000,2,3.962958,-3.197226,-50.107941,-0.053022
0.118571,0.058548,2,3.959683,-3.198959,-50.111213,-0.054709
0.122276,0.059582,2,3.956408,-3.200691,-50.114486,-0.056397
0.125981,0.060197,2,3.953132,-3.202424,-50.117759,-0.058084
0.129687,0.060579,2,3.949857,-3.204156,-50.121031,-0.059772
0.133392,0.059884,2,3.946582,-3.205889,-50.124304,-0.061459
0.137097,0.057950,2,3.943306,-3.207621,-50.127577,-0.063147
0.140803,0.054344,2,3.940031,-3.209354,-50.130849,-0.064834
0.144508,0.048838,2,3.936756,-3.211086,-50.134122,-0.066522
0.148213,0.042472,2,3.933480,-3.212819,-50.137395,-0.068209
0.151919,0.034809,2,3.930205,-3.214551,-50.140667,-0.069897
0.155624,0.025950,2,3.926929,-3.216284,-50.143940,-0.071584
0.159329,0.015378,2,3.923654,-3.218016,-50.147213,-0.073272
0.163035,0.005132,2,3.920379,-3.219749,-50.150485,-0.074960
0.166740,-0.003184,2,3.917103,-3.221481,-50.153758,-0.076647
0.170445,-0.007928,2,3.913828,-3.223214,-50.157031,-0.078335
0.174151,-0.010235,2,3.910553,-3.224946,-50.160303,-0.080022
0.177856,-0.010870,2,3.907277,-3.226679,-50.163576,-0.081710
0.181561,-0.011262,2,3.904002,-3.228411,-50.166849,-0.083397
0.185267,-0.012197,2,3.900727,-3.230144,-50.170121,-0.085085
0.188972,-0.013132,2,3.897451,-3.231876,-50.173394,-0.086772
0.192677,-0.014171,2,3.894176,-3.233609,-50.176667,-0.088460
0.196383,-0.015001,2,3.890901,-3.235341,-50.179939,-0.090147
0.200088,-0.015468,2,3.887625,-3.237074,-50.183212,-0.091835
0.203793,-0.015936,2,3.884350,-3.238806,-50.186485,-0.093522
0.207499,-0.016500,2,3.881075,-3.240539,-50.189757,-0.095210
0.211204,-0.016954,2,3.877799,-3.242271,-50.193030,-0.096897
0.214909,-0.017000,2,3.874524,-3.244004,-50.196303,-0.098585
0.218615,-0.017331,2,3.871248,-3.245736,-50.199575,-0.100272
0.222320,-0.018648,2,3.867973,-3.247469,-50.202848,-0.101960
0.226025,-0.020884,2,3.864698,-3.249201,-50.206120,-0.103647
0.229731,-0.023540,2,3.861422,-3.250934,-50.209393,-0.105335
0.233436,-0.026243,2,3.858147,-3.252666,-50.212666,-0.107022
0.237141,-0.027024,2,3.854872,-3.254399,-50.215938,-0.108710
0.240847,-0.025851,2,3.851596,-3.256131,-50.219211,-0.110397
0.244552,-0.023759,2,3.848321,-3.257864,-50.222484,-0.112085
0.248257,-0.021011,2,3.845046,-3.259596,-50.225756,-0.113772
0.251963,-0.018271,2,3.841770,-3.261329,-50.229029,-0.115460
0.255668,-0.016503,2,3.838495,-3.263061,-50.232302,-0.117147
0.259373,-0.014993,2,3.835220,-3.264794,-50.235574,-0.118835
0.263079,-0.015007,2,3.831944,-3.266526,-50.238847,-0.120522
0.266784,-0.015795,2,3.828669,-3.268259,-50.242120,-0.122210
0.270489,-0.016351,2,3.825393,-3.269991,-50.245392,-0.123897
0.274195,-0.017486,2,3.822118,-3.271724,-50.248665,-0.125585
0.277900,-0.018837,2,3.818843,-3.273456,-50.251938,-0.127272
0.281605,-0.020188,2,3.815567,-3.275189,-50.255210,-0.128960
0.285311,-0.021221,2,3.812292,-3.276921,-50.258483,-0.130647
0.289016,-0.021827,2,3.809017,-3.278654,-50.261756,-0.132335
0.292721,-0.023000,2,3.805741,-3.280386,-50.265028,-0.134022
0.296427,-0.023000,2,3.802466,-3.282119,-50.268301,-0.135710
0.300132,-0.023000,2,3.799191,-3.283851,-50.271574,-0.137397
0.303837,-0.021524,2,3.795915,-3.285584,-50.274846,-0.139085
0.307543,-0.020388,2,3.792640,-3.287316,-50.278119,-0.140772
0.311248,-0.019494,2,3.789365,-3.289049,-50.281392,-0.142460
0.314953,-0.019000,2,3.786089,-3.290781,-50.284664,-0.144147
0.318659,-0.019701,2,3.782814,-3.292514,-50.287937,-0.145835
0.322364,-0.021209,2,3.779539,-3.294246,-50.291210,-0.147522
0.326069,-0.023041,2,3.776263,-3.295979,-50.294482,-0.149210
0.329775,-0.023924,2,3.772988,-3.297711,-50.297755,-0.150897
0.333480,-0.024568,2,3.769712,-3.299444,-50.301028,-0.152585
0.337185,-0.024235,2,3.766437,-3.301176,-50.304300,-0.154272
0.340891,-0.023191,2,3.763162,-3.302909,-50.307573,-0.155960
0.344596,-0.021380,2,3.759886,-3.304641,-50.310846,-0.157648
0.348301,-0.019203,2,3.756611,-3.306374,-50.314118,-0.159335
0.352007,-0.017628,2,3.753336,-3.308106,-50.317391,-0.161023
0.355712,-0.015778,2,3.750060,-3.309839,-50.320664,-0.162710
0.359417,-0.014010,2,3.746785,-3.311571,-50.323936,-0.164398
0.363123,-0.013121,2,3.743510,-3.313304,-50.327209,-0.166085
0.366828,-0.012238,2,3.740234,-3.315036,-50.330482,-0.167773
0.370533,-0.011982,2,3.736959,-3.316769,-50.333754,-0.169460
0.374239,-0.012737,2,3.733684,-3.318501,-50.337027,-0.171148
0.377944,-0.013000,2,3.730408,-3.320234,-50.340299,-0.172835
0.381649,-0.013561,2,3.727133,-3.321966,-50.343572,-0.174523
0.385355,-0.013971,2,3.723857,-3.323699,-50.346845,-0.176210
0.389060,-0.013625,2,3.720582,-3.325431,-50.350117,-0.177898
0.392765,-0.012273,2,3.717307,-3.327164,-50.353390,-0.179585
0.396471,-0.010922,2,3.714031,-3.328896,-50.356663,-0.181273
0.400176,-0.010081,2,3.710756,-3.330629,-50.359935,-0.182960
0.403881,-0.010600,2,3.707481,-3.332361,-50.363208,-0.184648
0.407587,-0.011484,2,3.704205,-3.334094,-50.366481,-0.186335
0.411292,-0.012809,2,3.700930,-3.335826,-50.369753,-0.188023
0.414997,-0.014650,2,3.697655,-3.337559,-50.373026,-0.189710
0.418703,-0.017407,2,3.694379,-3.339291,-50.376299,-0.191398
0.422408,-0.020088,2,3.691104,-3.341024,-50.379571,-0.193085
0.426113,-0.024503,2,3.687829,-3.342756,-50.382844,-0.194773
0.429819,-0.028601,2,3.684553,-3.344489,-50.386117,-0.196460
0.433524,-0.032550,2,3.681278,-3.346221,-50.389389,-0.198148
0.437229,-0.035712,2,3.678003,-3.347954,-50.392662,-0.199835
0.440935,-0.037335,2,3.674727,-3.349686,-50.395935,-0.201523
0.444640,-0.036356,2,3.671452,-3.351419,-50.399207,-0.203210
0.448345,-0.034588,2,3.668176,-3.353151,-50.402480,-0.204898
0.452051,-0.032910,2,3.664901,-3.354884,-50.405753,-0.206585
0.455756,-0.032026,2,3.661626,-3.356616,-50.409025,-0.208273
0.459461,-0.031307,2,3.658350,-3.358349,-50.412298,-0.209960
0.463167,-0.031660,2,3.655075,-3.360081,-50.415571,-0.211648
0.466872,-0.031375,2,3.651800,-3.361814,-50.418843,-0.213335
0.470577,-0.030491,2,3.648524,-3.363546,-50.422116,-0.215023
0.474283,-0.029607,2,3.645249,-3.365279,-50.425389,-0.216710
0.477988,-0.029000,2,3.641974,-3.367011,-50.428661,-0.218398
0.481693,-0.029000,2,3.638698,-3.368744,-50.431934,-0.220085
0.485399,-0.029000,2,3.635423,-3.370476,-50.435207,-0.221773
0.489104,-0.029000,2,3.632148,-3.372209,-50.438479,-0.223460
0.492810,-0.027377,2,3.628872,-3.373941,-50.441752,-0.225148
0.496515,-0.024914,2,3.625597,-3.375674,-50.445025,-0.226835
0.500220,-0.022842,2,3.622322,-3.377406,-50.448297,-0.228523
0.503926,-0.020240,2,3.619046,-3.379139,-50.451570,-0.230210
0.507631,-0.016866,2,3.615771,-3.380871,-50.454843,-0.231898
0.511336,-0.013571,2,3.612495,-3.382604,-50.458115,-0.233585
0.515042,-0.010681,2,3.609220,-3.384336,-50.461388,-0.235273
0.518747,-0.009330,2,3.605945,-3.386069,-50.464661,-0.236960
0.522452,-0.008860,2,3.602669,-3.387801,-50.467933,-0.238648
0.526158,-0.008393,2,3.599394,-3.389534,-50.471206,-0.240336
0.529863,-0.008527,2,3.596119,-3.391266,-50.474478,-0.242023
0.533568,-0.007627,2,3.592843,-3.392999,-50.477751,-0.243711
0.537274,-0.005981,2,3.589568,-3.394731,-50.481024,-0.245398
0.540979,-0.005046,2,3.586293,-3.396464,-50.484296,-0.247086
0.544684,-0.004111,2,3.583017,-3.398196,-50.487569,-0.248773
0.548390,-0.002724,2,3.579742,-3.399929,-50.490842,-0.250461
0.552095,-0.001247,2,3.576467,-3.401661,-50.494114,-0.252148
0.555800,0.000183,2,3.573191,-3.403394,-50.497387,-0.253836
0.559506,0.001668,2,3.569916,-3.405126,-50.500660,-0.255523
0.563211,0.003037,2,3.566640,-3.406859,-50.503932,-0.257211
0.566916,0.004591,2,3.563365,-3.408591,-50.507205,-0.258898
0.570622,0.007857,2,3.560090,-3.410324,-50.510478,-0.260586
0.574327,0.012786,2,3.556814,-3.412056,-50.513750,-0.262273
0.578032,0.019078,2,3.553539,-3.413789,-50.517023,-0.263961
0.581738,0.025943,2,3.550264,-3.415521,-50.520296,-0.265648
0.585443,0.031913,2,3.546988,-3.417254,-50.523568,-0.267336
0.589148,0.035087,2,3.543713,-3.418986,-50.526841,-0.269023
0.592854,0.035877,2,3.540438,-3.420719,-50.530114,-0.270711
0.596559,0.033575,2,3.537162,-3.422451,-50.533386,-0.272398
0.600264,0.029400,2,3.533887,-3.424184,-50.536659,-0.274086
0.603970,0.024616,2,3.530612,-3.425916,-50.539932,-0.275773
0.607675,0.020100,2,3.527336,-3.427649,-50.543204,-0.277461
0.611380,0.017129,2,3.524061,-3.429381,-50.546477,-0.279148
0.615086,0.015200,2,3.520786,-3.431114,-50.549750,-0.280836
0.618791,0.013845,2,3.517510,-3.432846,-50.553022,-0.282523
0.622496,0.012494,2,3.514235,-3.434579,-50.556295,-0.284211
0.626202,0.011143,2,3.510959,-3.436311,-50.559568,-0.285898
0.629907,0.009434,2,3.507684,-3.438044,-50.562840,-0.287586
0.633612,0.007440,2,3.504409,-3.439776,-50.566113,-0.289273
0.637318,0.006368,2,3.501133,-3.441509,-50.569386,-0.290961
0.641023,0.005818,2,3.497858,-3.443241,-50.572658,-0.292648
0.644728,0.005460,2,3.494583,-3.444974,-50.575931,-0.294336
0.648434,0.005897,2,3.491307,-3.446706,-50.579204,-0.296023
0.652139,0.006722,2,3.488032,-3.448439,-50.582476,-0.297711
0.655844,0.007000,2,3.484757,-3.450171,-50.585749,-0.299398
0.659550,0.005653,2,3.481481,-3.451904,-50.589022,-0.301086
0.663255,0.003601,2,3.478206,-3.453636,-50.592294,-0.302773
0.666960,0.000600,2,3.474931,-3.455369,-50.595567,-0.304461
0.670666,-0.002702,2,3.471655,-3.457101,-50.598840,-0.306148
0.674371,-0.004929,2,3.468380,-3.458834,-50.602112,-0.307836
0.678076,-0.006227,2,3.465104,-3.460566,-50.605385,-0.309523
0.681782,-0.006644,2,3.461829,-3.462299,-50.608657,-0.311211
0.685487,-0.006836,2,3.458554,-3.464031,-50.611930,-0.312898
0.689192,-0.006824,2,3.455278,-3.465764,-50.615203,-0.314586
0.692898,-0.006165,2,3.452003,-3.467496,-50.618475,-0.316273
0.696603,-0.005468,2,3.448728,-3.469229,-50.621748,-0.317961
0.700308,-0.003989,2,3.445452,-3.470961,-50.625021,-0.319648
0.704014,-0.002821,2,3.442177,-3.472694,-50.628293,-0.321336
0.707719,-0.002551,2,3.438902,-3.474426,-50.631566,-0.323024
0.711424,-0.003919,2,3.435626,-3.476159,-50.634839,-0.324711
0.715130,-0.004826,2,3.432351,-3.477891,-50.638111,-0.326399
0.718835,-0.006556,2,3.429076,-3.479624,-50.641384,-0.328086
0.722540,-0.007000,2,3.425800,-3.481356,-50.644657,-0.329774
0.726246,-0.007491,2,3.422525,-3.483089,-50.647929,-0.331461
0.729951,-0.008000,2,3.419250,-3.484821,-50.651202,-0.333149
0.733656,-0.008055,2,3.415974,-3.486554,-50.654475,-0.334836
0.737362,-0.007746,2,3.412699,-3.488286,-50.657747,-0.336524
0.741067,-0.007253,2,3.409423,-3.490019,-50.661020,-0.338211
0.744772,-0.005901,2,3.406148,-3.491751,-50.664293,-0.339899
0.748478,-0.003757,2,3.402873,-3.493484,-50.667565,-0.341586
0.752183,-0.000928,2,3.399597,-3.495216,-50.670838,-0.343274
0.755888,0.002015,2,3.396322,-3.496949,-50.674111,-0.344961
0.759594,0.004890,2,3.393047,-3.498681,-50.677383,-0.346649
0.763299,0.006658,2,3.389771,-3.500414,-50.680656,-0.348336
0.767004,0.008213,2,3.386496,-3.502146,-50.683929,-0.350024
0.770710,0.008583,2,3.383221,-3.503879,-50.687201,-0.351711
0.774415,0.008982,2,3.379945,-3.505611,-50.690474,-0.353399
0.778120,0.008946,2,3.376670,-3.507344,-50.693747,-0.355086
0.781826,0.009748,2,3.373395,-3.509076,-50.697019,-0.356774
0.785531,0.010632,2,3.370119,-3.510809,-50.700292,-0.358461
0.789236,0.011000,2,3.366844,-3.512541,-50.703565,-0.360149
0.792942,0.010867,2,3.363569,-3.514274,-50.706837,-0.361836
0.796647,0.010167,2,3.360293,-3.516006,-50.710110,-0.363524
0.800352,0.008666,2,3.357018,-3.517739,-50.713383,-0.365211
0.804058,0.006899,2,3.353742,-3.519471,-50.716655,-0.366899
0.807763,0.005258,2,3.350467,-3.521204,-50.719928,-0.368586
0.811468,0.004785,2,3.347192,-3.522936,-50.723201,-0.370274
0.815174,0.005142,2,3.343916,-3.524669,-50.726473,-0.371961
0.818879,0.006077,2,3.340641,-3.526401,-50.729746,-0.373649
0.822584,0.007003,2,3.337366,-3.528134,-50.733019,-0.375336
0.826290,0.007827,2,3.334090,-3.529866,-50.736291,-0.377024
0.829995,0.009178,2,3.330815,-3.531599,-50.739564,-0.378711
0.833700,0.010650,2,3.327540,-3.533331,-50.742836,-0.380399
0.837406,0.012881,2,3.324264,-3.535064,-50.746109,-0.382086
0.841111,0.013889,2,3.320989,-3.536796,-50.749382,-0.383774
0.844816,0.014000,2,3.317714,-3.538529,-50.752654,-0.385461
0.848522,0.014000,2,3.314438,-3.540261,-50.755927,-0.387149
0.852227,0.014403,2,3.311163,-3.541994,-50.759200,-0.388836
0.855932,0.015213,2,3.307887,-3.543726,-50.762472,-0.390524
0.859638,0.015681,2,3.304612,-3.545459,-50.765745,-0.392211
0.863343,0.015957,2,3.301337,-3.547191,-50.769018,-0.393899
0.867048,0.015494,2,3.298061,-3.548924,-50.772290,-0.395586
0.870754,0.014079,2,3.294786,-3.550656,-50.775563,-0.397274
0.874459,0.013157,2,3.291511,-3.552389,-50.778836,-0.398961
0.878164,0.012268,2,3.288235,-3.554121,-50.782108,-0.400649
0.881870,0.012000,2,3.284960,-3.555854,-50.785381,-0.402336
0.885575,0.012000,2,3.281685,-3.557586,-50.788654,-0.404024
0.889280,0.011841,2,3.278409,-3.559319,-50.791926,-0.405712
0.892986,0.010850,2,3.275134,-3.561051,-50.795199,-0.407399
0.896691,0.008904,2,3.271859,-3.562784,-50.798472,-0.409087
0.900396,0.006094,2,3.268583,-3.564516,-50.801744,-0.410774
0.904102,0.002945,2,3.265308,-3.566249,-50.805017,-0.412462
0.907807,0.001445,2,3.262033,-3.567981,-50.808290,-0.414149
0.911512,0.000022,2,3.258757,-3.569714,-50.811562,-0.415837
0.915218,-0.000128,2,3.255482,-3.571446,-50.814835,-0.417524
0.918923,0.000288,2,3.252206,-3.573179,-50.818108,-0.419212
0.922628,0.000913,2,3.248931,-3.574911,-50.821380,-0.420899
0.926334,0.002141,2,3.245656,-3.576644,-50.824653,-0.422587
0.930039,0.003100,2,3.242380,-3.578376,-50.827926,-0.424274
0.933744,0.003953,2,3.239105,-3.580109,-50.831198,-0.425962
0.937450,0.004369,2,3.235830,-3.581841,-50.834471,-0.427649
0.941155,0.004786,2,3.232554,-3.583574,-50.837744,-0.429337
0.944860,0.005202,2,3.229279,-3.585306,-50.841016,-0.431024
0.948566,0.005567,2,3.226004,-3.587039,-50.844289,-0.432712
0.952271,0.006183,2,3.222728,-3.588771,-50.847562,-0.434399
0.955976,0.007573,2,3.219453,-3.590504,-50.850834,-0.436087
0.959682,0.008919,2,3.216178,-3.592236,-50.854107,-0.437774
0.963387,0.010012,2,3.212902,-3.593969,-50.857380,-0.439462
0.967092,0.009985,2,3.209627,-3.595701,-50.860652,-0.441149
0.970798,0.010242,2,3.206351,-3.597434,-50.863925,-0.442837
0.974503,0.010705,2,3.203076,-3.599166,-50.867198,-0.444524
0.978208,0.011212,2,3.199801,-3.600899,-50.870470,-0.446212
0.981914,0.011473,2,3.196525,-3.602631,-50.873743,-0.447899
0.985619,0.012713,2,3.193250,-3.604364,-50.877015,-0.449587
0.989324,0.014679,2,3.189975,-3.606096,-50.880288,-0.451274
0.993030,0.016924,2,3.186699,-3.607829,-50.883561,-0.452962
0.996735,0.019085,2,3.183424,-3.609561,-50.886833,-0.454649
1.000440,0.022172,2,3.180149,-3.611294,-50.890106,-0.456337
1.004146,0.024365,2,3.176873,-3.613026,-50.893379,-0.458024
1.007851,0.026878,2,3.173598,-3.614759,-50.896651,-0.459712
1.011556,0.029312,2,3.170323,-3.616491,-50.899924,-0.461399
1.015262,0.031358,2,3.167047,-3.618224,-50.903197,-0.463087
1.018967,0.032772,2,3.163772,-3.619956,-50.906469,-0.464774
1.022672,0.033500,2,3.160497,-3.621689,-50.909742,-0.466462
1.026378,0.032486,2,3.157221,-3.623421,-50.913015,-0.468149
1.030083,0.030668,2,3.153946,-3.625154,-50.916287,-0.469837
1.033788,0.028555,2,3.150670,-3.626886,-50.919560,-0.471524
1.037494,0.027238,2,3.147395,-3.628619,-50.922833,-0.473212
1.041199,0.026386,2,3.144120,-3.630351,-50.926105,-0.474899
1.044904,0.025005,2,3.140844,-3.632084,-50.929378,-0.476587
1.048610,0.023237,2,3.137569,-3.633816,-50.932651,-0.478274
1.052315,0.021205,2,3.134294,-3.635549,-50.935923,-0.479962
1.056020,0.018164,2,3.131018,-3.637281,-50.939196,-0.481649
1.059726,0.015935,2,3.127743,-3.639014,-50.942469,-0.483337
1.063431,0.014527,2,3.124468,-3.640746,-50.945741,-0.485024
1.067136,0.014172,2,3.121192,-3.642479,-50.949014,-0.486712
1.070842,0.014327,2,3.117917,-3.644211,-50.952287,-0.488400
1.074547,0.014795,2,3.114642,-3.645944,-50.955559,-0.490087
1.078252,0.014929,2,3.111366,-3.647676,-50.958832,-0.491775
1.081958,0.014789,2,3.108091,-3.649409,-50.962105,-0.493462
1.085663,0.013583,2,3.104816,-3.651141,-50.965377,-0.495150
1.089368,0.012124,2,3.101540,-3.652874,-50.968650,-0.496837
1.093074,0.011291,2,3.098265,-3.654606,-50.971923,-0.498525
1.096779,0.009588,2,3.094989,-3.656339,-50.975195,-0.500212
1.100484,0.009380,2,3.091714,-3.658071,-50.978468,-0.501900
1.104190,0.009431,2,3.088439,-3.659804,-50.981741,-0.503587
1.107895,0.009480,2,3.085163,-3.661536,-50.985013,-0.505275
1.111600,0.008873,2,3.081888,-3.663269,-50.988286,-0.506962
1.115306,0.007710,2,3.078613,-3.665001,-50.991559,-0.508650
1.119011,0.007475,2,3.075337,-3.666734,-50.994831,-0.510337
1.122716,0.008809,2,3.072062,-3.668466,-50.998104,-0.512025
1.126422,0.010281,2,3.068787,-3.670199,-51.001377,-0.513712
1.130127,0.012457,2,3.065511,-3.671931,-51.004649,-0.515400
1.133832,0.014692,2,3.062236,-3.673664,-51.007922,-0.517087
1.137538,0.017519,2,3.058961,-3.675396,-51.011194,-0.518775
1.141243,0.020429,2,3.055685,-3.677129,-51.014467,-0.520462
1.144948,0.023080,2,3.052410,-3.678861,-51.017740,-0.522150
1.148654,0.025378,2,3.049134,-3.680594,-51.021012,-0.523837
1.152359,0.027305,2,3.045859,-3.682326,-51.024285,-0.525525
1.156064,0.028943,2,3.042584,-3.684059,-51.027558,-0.527212
1.159770,0.030243,2,3.039308,-3.685791,-51.030830,-0.528900
1.163475,0.031555,2,3.036033,-3.687524,-51.034103,-0.530587
1.167180,0.033326,2,3.032758,-3.689256,-51.037376,-0.532275
1.170886,0.034000,2,3.029482,-3.690989,-51.040648,-0.533962
1.174591,0.033153,2,3.026207,-3.692721,-51.043921,-0.535650
1.178296,0.031801,2,3.022932,-3.694454,-51.047194,-0.537337
1.182002,0.030252,2,3.019656,-3.696186,-51.050466,-0.539025
1.185707,0.028099,2,3.016381,-3.697919,-51.053739,-0.540712
1.189412,0.026747,2,3.013106,-3.699651,-51.057012,-0.542400
1.193118,0.026037,2,3.009830,-3.701384,-51.060284,-0.544087
1.196823,0.025267,2,3.006555,-3.703116,-51.063557,-0.545775
1.200528,0.024808,2,3.003280,-3.704849,-51.066830,-0.547462
1.204234,0.024499,2,3.000004,-3.706581,-51.070102,-0.549150
1.207939,0.024000,2,2.996729,-3.708314,-51.073375,-0.550837
1.211644,0.023732,2,2.993453,-3.710046,-51.076648,-0.552525
1.215350,0.022915,2,2.990178,-3.711779,-51.079920,-0.554212
1.219055,0.021964,2,2.986903,-3.713511,-51.083193,-0.555900
1.222760,0.021080,2,2.983627,-3.715244,-51.086466,-0.557587
1.226466,0.020227,2,2.980352,-3.716976,-51.089738,-0.559275
1.230171,0.019571,2,2.977077,-3.718709,-51.093011,-0.560962
1.233876,0.019103,2,2.973801,-3.720441,-51.096284,-0.562650
1.237582,0.019091,2,2.970526,-3.722174,-51.099556,-0.564337
1.241287,0.019507,2,2.967251,-3.723906,-51.102829,-0.566025
1.244992,0.020223,2,2.963975,-3.725639,-51.106102,-0.567713
1.248698,0.021000,2,2.960700,-3.727371,-51.109374,-0.569400
1.252403,0.021000,2,2.957425,-3.729104,-51.112647,-0.571088
1.256108,0.021000,2,2.954149,-3.730836,-51.115920,-0.572775
1.259814,0.020073,2,2.950874,-3.732569,-51.119192,-0.574463
1.263519,0.018722,2,2.947598,-3.734301,-51.122465,-0.576150
1.267224,0.017266,2,2.944323,-3.736034,-51.125738,-0.577838
1.270930,0.015682,2,2.941048,-3.737766,-51.129010,-0.579525
1.274635,0.014972,2,2.937772,-3.739499,-51.132283,-0.581213
1.278340,0.015000,2,2.934497,-3.741231,-51.135556,-0.582900
1.282046,0.014998,2,2.931222,-3.742964,-51.138828,-0.584588
1.285751,0.015000,2,2.927946,-3.744696,-51.142101,-0.586275
1.289456,0.014172,2,2.924671,-3.746429,-51.145374,-0.587963
1.293162,0.013288,2,2.921396,-3.748161,-51.148646,-0.589650
1.296867,0.012404,2,2.918120,-3.749894,-51.151919,-0.591338
1.300572,0.011358,2,2.914845,-3.751626,-51.155191,-0.593025
1.304278,0.011000,2,2.911570,-3.753359,-51.158464,-0.594713
1.307983,0.010754,2,2.908294,-3.755091,-51.161737,-0.596400
1.311688,0.010249,2,2.905019,-3.756824,-51.165009,-0.598088
1.315394,0.009807,2,2.901744,-3.758556,-51.168282,-0.599775
1.319099,0.009036,2,2.898468,-3.760289,-51.171555,-0.601463
1.322804,0.009000,2,2.895193,-3.762021,-51.174827,-0.603150
1.326510,0.009000,2,2.891917,-3.763754,-51.178100,-0.604838
1.330215,0.009499,2,2.888642,-3.765486,-51.181373,-0.606525
1.333920,0.009706,2,2.885367,-3.767219,-51.184645,-0.608213
1.337626,0.010004,2,2.882091,-3.768951,-51.187918,-0.609900
1.341331,0.009909,2,2.878816,-3.770684,-51.191191,-0.611588
1.345036,0.009079,2,2.875541,-3.772416,-51.194463,-0.613275
1.348742,0.008623,2,2.872265,-3.774149,-51.197736,-0.614963
1.352447,0.008021,2,2.868990,-3.775881,-51.201009,-0.616650
1.356152,0.007178,2,2.865715,-3.777614,-51.204281,-0.618338
1.359858,0.007000,2,2.862439,-3.779346,-51.207554,-0.620025
1.363563,0.007504,2,2.859164,-3.781079,-51.210827,-0.621713
1.367268,0.008494,2,2.855889,-3.782811,-51.214099,-0.623400
1.370974,0.009272,2,2.852613,-3.784544,-51.217372,-0.625088
1.374679,0.010155,2,2.849338,-3.786276,-51.220645,-0.626775
1.378384,0.011163,2,2.846063,-3.788009,-51.223917,-0.628463
1.382090,0.011969,2,2.842787,-3.789741,-51.227190,-0.630150
1.385795,0.012871,2,2.839512,-3.791474,-51.230463,-0.631838
1.389500,0.013164,2,2.836236,-3.793206,-51.233735,-0.633525
1.393206,0.012999,2,2.832961,-3.794939,-51.237008,-0.635213
1.396911,0.012755,2,2.829686,-3.796671,-51.240281,-0.636900
1.400616,0.012614,2,2.826410,-3.798404,-51.243553,-0.638588
1.404322,0.013028,2,2.823135,-3.800136,-51.246826,-0.640275
1.408027,0.014956,2,2.819860,-3.801869,-51.250099,-0.641963
1.411732,0.017659,2,2.816584,-3.803601,-51.253371,-0.643650
1.415438,0.021239,2,2.813309,-3.805334,-51.256644,-0.645338
1.419143,0.023858,2,2.810034,-3.807066,-51.259917,-0.647025
1.422848,0.025383,2,2.806758,-3.808799,-51.263189,-0.648713
1.426554,0.025362,2,2.803483,-3.810531,-51.266462,-0.650401
1.430259,0.023089,2,2.800208,-3.812264,-51.269735,-0.652088
1.433964,0.019773,2,2.796932,-3.813996,-51.273007,-0.653776
1.437670,0.015671,2,2.793657,-3.815729,-51.276280,-0.655463
1.441375,0.011669,2,2.790381,-3.817461,-51.279553,-0.657151
1.445080,0.007666,2,2.787106,-3.819194,-51.282825,-0.658838
1.448786,0.004506,2,2.783831,-3.820926,-51.286098,-0.660526
1.452491,0.003285,2,2.780555,-3.822659,-51.289370,-0.662213
1.456197,0.003000,2,2.777280,-3.824391,-51.292643,-0.663901
1.459902,0.003483,2,2.774005,-3.826124,-51.295916,-0.665588
1.463607,0.004367,2,2.770729,-3.827856,-51.299188,-0.667276
1.467313,0.005250,2,2.767454,-3.829589,-51.302461,-0.668963
1.471018,0.006025,2,2.764179,-3.831321,-51.305734,-0.670651
1.474723,0.005717,2,2.760903,-3.833054,-51.309006,-0.672338
1.478429,0.005249,2,2.757628,-3.834786,-51.312279,-0.674026
1.482134,0.004563,2,2.754353,-3.836519,-51.315552,-0.675713
1.485839,0.003628,2,2.751077,-3.838251,-51.318824,-0.677401
1.489545,0.003400,2,2.747802,-3.839984,-51.322097,-0.679088
1.493250,0.003982,2,2.744527,-3.841716,-51.325370,-0.680776
1.496955,0.004553,2,2.741251,-3.843449,-51.328642,-0.682463
1.500661,0.005967,2,2.737976,-3.845181,-51.331915,-0.684151
1.504366,0.008175,2,2.734700,-3.846914,-51.335188,-0.685838
1.508071,0.009467,2,2.731425,-3.848646,-51.338460,-0.687526
1.511777,0.009862,2,2.728150,-3.850379,-51.341733,-0.689213
1.515482,0.008835,2,2.724874,-3.852111,-51.345006,-0.690901
1.519187,0.008107,2,2.721599,-3.853844,-51.348278,-0.692588
1.522893,0.008000,2,2.718324,-3.855576,-51.351551,-0.694276
1.526598,0.008391,2,2.715048,-3.857309,-51.354824,-0.695963
1.530303,0.009275,2,2.711773,-3.859041,-51.358096,-0.697651
1.534009,0.010159,2,2.708498,-3.860774,-51.361369,-0.699338
1.537714,0.011043,2,2.705222,-3.862506,-51.364642,-0.701026
1.541419,0.011926,2,2.701947,-3.864239,-51.367914,-0.702713
1.545125,0.013786,2,2.698672,-3.865971,-51.371187,-0.704401
1.548830,0.015766,2,2.695396,-3.867704,-51.374460,-0.706088
1.552535,0.017678,2,2.692121,-3.869436,-51.377732,-0.707776
1.556241,0.018830,2,2.688845,-3.871169,-51.381005,-0.709463
1.559946,0.020048,2,2.685570,-3.872901,-51.384278,-0.711151
1.563651,0.021349,2,2.682295,-3.874634,-51.387550,-0.712838
1.567357,0.023087,2,2.679019,-3.876366,-51.390823,-0.714526
1.571062,0.024435,2,2.675744,-3.878099,-51.394096,-0.716213
1.574767,0.025869,2,2.672469,-3.879831,-51.397368,-0.717901
1.578473,0.026852,2,2.669193,-3.881564,-51.400641,-0.719588
1.582178,0.027000,2,2.665918,-3.883296,-51.403914,-0.721276
1.585883,0.026324,2,2.662643,-3.885029,-51.407186,-0.722963
1.589589,0.025678,2,2.659367,-3.886761,-51.410459,-0.724651
1.593294,0.024458,2,2.656092,-3.888494,-51.413732,-0.726338
1.596999,0.022976,2,2.652817,-3.890226,-51.417004,-0.728026
1.600705,0.020755,2,2.649541,-3.891959,-51.420277,-0.729713
1.604410,0.019404,2,2.646266,-3.893691,-51.423549,-0.731401
1.608115,0.018053,2,2.642991,-3.895424,-51.426822,-0.733089
1.611821,0.017003,2,2.639715,-3.897156,-51.430095,-0.734776
1.615526,0.015923,2,2.636440,-3.898889,-51.433367,-0.736464
1.619231,0.014734,2,2.633164,-3.900621,-51.436640,-0.738151
1.622937,0.013647,2,2.629889,-3.902354,-51.439913,-0.739839
1.626642,0.012664,2,2.626614,-3.904086,-51.443185,-0.741526
1.630347,0.013000,2,2.623338,-3.905819,-51.446458,-0.743214
1.634053,0.013398,2,2.620063,-3.907551,-51.449731,-0.744901
1.637758,0.013986,2,2.616788,-3.909284,-51.453003,-0.746589
1.641463,0.014536,2,2.613512,-3.911016,-51.456276,-0.748276
1.645169,0.014742,2,2.610237,-3.912749,-51.459549,-0.749964
1.648874,0.014745,2,2.606962,-3.914481,-51.462821,-0.751651
1.652579,0.014155,2,2.603686,-3.916214,-51.466094,-0.753339
1.656285,0.014000,2,2.600411,-3.917946,-51.469367,-0.755026
1.659990,0.014137,2,2.597136,-3.919679,-51.472639,-0.756714
1.663695,0.015125,2,2.593860,-3.921411,-51.475912,-0.758401
1.667401,0.015593,2,2.590585,-3.923144,-51.479185,-0.760089
1.671106,0.016000,2,2.587310,-3.924876,-51.482457,-0.761776
1.674811,0.015257,2,2.584034,-3.926609,-51.485730,-0.763464
1.678517,0.015000,2,2.580759,-3.928341,-51.489003,-0.765151
1.682222,0.015737,2,2.577483,-3.930074,-51.492275,-0.766839
1.685927,0.016367,2,2.574208,-3.931806,-51.495548,-0.768526
1.689633,0.016722,2,2.570933,-3.933539,-51.498821,-0.770214
1.693338,0.015838,2,2.567657,-3.935271,-51.502093,-0.771901
1.697043,0.014908,2,2.564382,-3.937004,-51.505366,-0.773589
1.700749,0.013141,2,2.561107,-3.938736,-51.508639,-0.775276
1.704454,0.011373,2,2.557831,-3.940469,-51.511911,-0.776964
1.708159,0.011000,2,2.554556,-3.942201,-51.515184,-0.778651
1.711865,0.010915,2,2.551281,-3.943934,-51.518457,-0.780339
1.715570,0.011153,2,2.548005,-3.945666,-51.521729,-0.782026
1.719275,0.010562,2,2.544730,-3.947399,-51.525002,-0.783714
1.722981,0.009627,2,2.541455,-3.949131,-51.528275,-0.785401
1.726686,0.007811,2,2.538179,-3.950864,-51.531547,-0.787089
1.730391,0.006460,2,2.534904,-3.952596,-51.534820,-0.788776
1.734097,0.005102,2,2.531628,-3.954329,-51.538093,-0.790464
1.737802,0.004492,2,2.528353,-3.956061,-51.541365,-0.792151
1.741507,0.002978,2,2.525078,-3.957794,-51.544638,-0.793839
1.745213,0.000103,2,2.521802,-3.959526,-51.547911,-0.795526
1.748918,-0.004437,2,2.518527,-3.961259,-51.551183,-0.797214
1.752623,-0.008267,2,2.515252,-3.962991,-51.554456,-0.798901
1.756329,-0.011248,2,2.511976,-3.964724,-51.557728,-0.800589
1.760034,-0.013509,2,2.508701,-3.966456,-51.561001,-0.802276
1.763739,-0.014253,2,2.505426,-3.968189,-51.564274,-0.803964
1.767445,-0.015609,2,2.502150,-3.969921,-51.567546,-0.805651
1.771150,-0.017046,2,2.498875,-3.971654,-51.570819,-0.807339
1.774855,-0.018905,2,2.495600,-3.973386,-51.574092,-0.809026
1.778561,-0.019932,2,2.492324,-3.975119,-51.577364,-0.810714
1.782266,-0.019711,2,2.489049,-3.976851,-51.580637,-0.812401
1.785971,-0.019153,2,2.485774,-3.978584,-51.583910,-0.814089
1.789677,-0.017859,2,2.482498,-3.980316,-51.587182,-0.815777
1.793382,-0.017000,2,2.479223,-3.982049,-51.590455,-0.817464
1.797087,-0.017000,2,2.475947,-3.983781,-51.593728,-0.819152
1.800793,-0.016578,2,2.472672,-3.985514,-51.597000,-0.820839
1.804498,-0.016787,2,2.469397,-3.987246,-51.600273,-0.822527
1.808203,-0.016843,2,2.466121,-3.988979,-51.603546,-0.824214
1.811909,-0.017000,2,2.462846,-3.990711,-51.606818,-0.825902
1.815614,-0.017096,2,2.459571,-3.992444,-51.610091,-0.827589
1.819319,-0.017920,2,2.456295,-3.994176,-51.613364,-0.829277
1.823025,-0.019248,2,2.453020,-3.995909,-51.616636,-0.830964
1.826730,-0.020374,2,2.449745,-3.997641,-51.619909,-0.832652
1.830435,-0.021162,2,2.446469,-3.999374,-51.623182,-0.834339
1.834141,-0.021629,2,2.443194,-4.001106,-51.626454,-0.836027
1.837846,-0.022097,2,2.439919,-4.002839,-51.629727,-0.837714
1.841551,-0.021536,2,2.436643,-4.004571,-51.633000,-0.839402
1.845257,-0.020236,2,2.433368,-4.006304,-51.636272,-0.841089
1.848962,-0.018936,2,2.430092,-4.008036,-51.639545,-0.842777
1.852667,-0.017636,2,2.426817,-4.009769,-51.642818,-0.844464
1.856373,-0.016364,2,2.423542,-4.011501,-51.646090,-0.846152
1.860078,-0.015127,2,2.420266,-4.013234,-51.649363,-0.847839
1.863783,-0.014553,2,2.416991,-4.014966,-51.652636,-0.849527
1.867489,-0.013550,2,2.413716,-4.016699,-51.655908,-0.851214
1.871194,-0.012720,2,2.410440,-4.018431,-51.659181,-0.852902
1.874899,-0.012410,2,2.407165,-4.020164,-51.662454,-0.854589
1.878605,-0.012155,2,2.403890,-4.021896,-51.665726,-0.856277
1.882310,-0.011764,2,2.400614,-4.023629,-51.668999,-0.857964
1.886015,-0.011055,2,2.397339,-4.025361,-51.672272,-0.859652
1.889721,-0.010636,2,2.394064,-4.027094,-51.675544,-0.861339
1.893426,-0.009335,2,2.390788,-4.028826,-51.678817,-0.863027
1.897131,-0.008806,2,2.387513,-4.030559,-51.682090,-0.864714
1.900837,-0.007719,2,2.384238,-4.032291,-51.685362,-0.866402
1.904542,-0.007512,2,2.380962,-4.034024,-51.688635,-0.868089
1.908247,-0.007979,2,2.377687,-4.035756,-51.691907,-0.869777
1.911953,-0.008753,2,2.374411,-4.037489,-51.695180,-0.871464
1.915658,-0.010104,2,2.371136,-4.039221,-51.698453,-0.873152
1.919363,-0.011455,2,2.367861,-4.040954,-51.701725,-0.874839
1.923069,-0.012807,2,2.364585,-4.042686,-51.704998,-0.876527
1.926774,-0.013317,2,2.361310,-4.044419,-51.708271,-0.878214
1.930479,-0.013941,2,2.358035,-4.046151,-51.711543,-0.879902
1.934185,-0.014000,2,2.354759,-4.047884,-51.714816,-0.881589
1.937890,-0.014000,2,2.351484,-4.049617,-51.718089,-0.883277
1.941595,-0.013884,2,2.348209,-4.051349,-51.721361,-0.884964
1.945301,-0.014260,2,2.344933,-4.053082,-51.724634,-0.886652
1.949006,-0.015023,2,2.341658,-4.054814,-51.727907,-0.888339
1.952711,-0.015423,2,2.338383,-4.056547,-51.731179,-0.890027
1.956417,-0.014831,2,2.335107,-4.058279,-51.734452,-0.891714
1.960122,-0.013428,2,2.331832,-4.060012,-51.737725,-0.893402
1.963827,-0.011347,2,2.328557,-4.061744,-51.740997,-0.895089
1.967533,-0.009623,2,2.325281,-4.063477,-51.744270,-0.896777
1.971238,-0.008188,2,2.322006,-4.065209,-51.747543,-0.898465
1.974943,-0.007606,2,2.318730,-4.066942,-51.750815,-0.900152
1.978649,-0.007139,2,2.315455,-4.068674,-51.754088,-0.901840
1.982354,-0.006671,2,2.312180,-4.070407,-51.757361,-0.903527
1.986059,-0.006204,2,2.308904,-4.072139,-51.760633,-0.905215
1.989765,-0.004835,2,2.305629,-4.073872,-51.763906,-0.906902
1.993470,-0.003721,2,2.302354,-4.075604,-51.767179,-0.908590
1.997175,-0.002603,2,2.299078,-4.077337,-51.770451,-0.910277
2.000881,-0.001495,2,2.295803,-4.079069,-51.773724,-0.911965
2.004586,-0.000519,2,2.292528,-4.080802,-51.776997,-0.913652
2.008291,0.000000,2,2.289252,-4.082534,-51.780269,-0.915340
2.011997,0.000000,2,2.285977,-4.084267,-51.783542,-0.917027
2.015702,0.000000,2,2.282702,-4.085999,-51.786815,-0.918715
2.019407,0.000000,2,2.279426,-4.087732,-51.790087,-0.920402
2.023113,-0.000434,2,2.276151,-4.089464,-51.793360,-0.922090
2.026818,-0.000061,2,2.272875,-4.091197,-51.796633,-0.923777
2.030523,0.000057,2,2.269600,-4.092929,-51.799905,-0.925465
2.034229,0.000335,2,2.266325,-4.094662,-51.803178,-0.927152
2.037934,0.000341,2,2.263049,-4.096394,-51.806451,-0.928840
2.041639,0.000809,2,2.259774,-4.098127,-51.809723,-0.930527
2.045345,0.001034,2,2.256499,-4.099859,-51.812996,-0.932215
2.049050,0.001744,2,2.253223,-4.101592,-51.816269,-0.933902
2.052755,0.002188,2,2.249948,-4.103324,-51.819541,-0.935590
2.056461,0.003453,2,2.246673,-4.105057,-51.822814,-0.937277
2.060166,0.004708,2,2.243397,-4.106789,-51.826086,-0.938965
2.063871,0.005000,2,2.240122,-4.108522,-51.829359,-0.940652
2.067577,0.004966,2,2.236847,-4.110254,-51.832632,-0.942340
2.071282,0.004312,2,2.233571,-4.111987,-51.835904,-0.944027
2.074987,0.003810,2,2.230296,-4.113719,-51.839177,-0.945715
2.078693,0.003483,2,2.227021,-4.115452,-51.842450,-0.947402
2.082398,0.003951,2,2.223745,-4.117184,-51.845722,-0.949090
2.086103,0.004418,2,2.220470,-4.118917,-51.848995,-0.950777
2.089809,0.004157,2,2.217194,-4.120649,-51.852268,-0.952465
2.093514,0.003525,2,2.213919,-4.122382,-51.855540,-0.954152
2.097219,0.002415,2,2.210644,-4.124114,-51.858813,-0.955840
2.100925,0.001799,2,2.207368,-4.125847,-51.862086,-0.957527
2.104630,0.000736,2,2.204093,-4.127579,-51.865358,-0.959215
2.108335,0.000223,2,2.200818,-4.129312,-51.868631,-0.960902
2.112041,0.000732,2,2.197542,-4.131044,-51.871904,-0.962590
2.115746,0.001915,2,2.194267,-4.132777,-51.875176,-0.964277
2.119451,0.003598,2,2.190992,-4.134509,-51.878449,-0.965965
2.123157,0.005365,2,2.187716,-4.136242,-51.881722,-0.967652
2.126862,0.006815,2,2.184441,-4.137974,-51.884994,-0.969340
2.130567,0.007438,2,2.181166,-4.139707,-51.888267,-0.971027
2.134273,0.007504,2,2.177890,-4.141439,-51.891540,-0.972715
2.137978,0.007029,2,2.174615,-4.143172,-51.894812,-0.974402
2.141683,0.007000,2,2.171339,-4.144904,-51.898085,-0.976090
2.145389,0.007000,2,2.168064,-4.146637,-51.901358,-0.977777
2.149094,0.006083,2,2.164789,-4.148369,-51.904630,-0.979465
2.152799,0.006000,2,2.161513,-4.150102,-51.907903,-0.981153
2.156505,0.005809,2,2.158238,-4.151834,-51.911176,-0.982840
2.160210,0.005111,2,2.154963,-4.153567,-51.914448,-0.984528
2.163915,0.004596,2,2.151687,-4.155299,-51.917721,-0.986215
2.167621,0.004000,2,2.148412,-4.157032,-51.920994,-0.987903
2.171326,0.004171,2,2.145137,-4.158764,-51.924266,-0.989590
2.175031,0.004638,2,2.141861,-4.160497,-51.927539,-0.991278
2.178737,0.005106,2,2.138586,-4.162229,-51.930812,-0.992965
2.182442,0.004750,2,2.135311,-4.163962,-51.934084,-0.994653
2.186147,0.005012,2,2.132035,-4.165694,-51.937357,-0.996340
2.189853,0.004409,2,2.128760,-4.167427,-51.940630,-0.998028
2.193558,0.004000,2,2.125485,-4.169159,-51.943902,-0.999715
2.197263,0.003199,2,2.122209,-4.170892,-51.947175,-1.001403
2.200969,0.001847,2,2.118934,-4.172624,-51.950448,-1.003090
2.204674,0.000087,2,2.115658,-4.174357,-51.953720,-1.004778
2.208379,-0.001028,2,2.112383,-4.176089,-51.956993,-1.006465
2.212085,-0.003435,2,2.109108,-4.177822,-51.960265,-1.008153
2.215790,-0.006501,2,2.105832,-4.179554,-51.963538,-1.009840
2.219495,-0.006592,2,2.102557,-4.181287,-51.966811,-1.011528
2.223201,-0.003043,2,2.099282,-4.183019,-51.970083,-1.013215
2.226906,0.001019,2,2.096006,-4.184752,-51.973356,-1.014903
2.230611,0.002954,2,2.092731,-4.186484,-51.976629,-1.016590
2.234317,0.002686,2,2.089456,-4.188217,-51.979901,-1.018278
2.238022,0.001107,2,2.086180,-4.189949,-51.983174,-1.019965
2.241727,-0.001945,2,2.082905,-4.191682,-51.986447,-1.021653
2.245433,-0.007573,2,2.079630,-4.193414,-51.989719,-1.023340
2.249138,-0.013884,2,2.076354,-4.195147,-51.992992,-1.025028
2.252843,-0.020764,2,2.073079,-4.196879,-51.996265,-1.026715
2.256549,-0.026458,2,2.069804,-4.198612,-51.999537,-1.028403
2.260254,-0.030638,2,2.066528,-4.200344,-52.002810,-1.030090
2.263959,-0.031209,2,2.063253,-4.202077,-52.006083,-1.031778
2.267665,-0.027198,2,2.059977,-4.203809,-52.009355,-1.033465
2.271370,-0.021975,2,2.056702,-4.205542,-52.012628,-1.035153
2.275075,-0.017841,2,2.053427,-4.207274,-52.015901,-1.036840
2.278781,-0.016748,2,2.050151,-4.209007,-52.019173,-1.038528
2.282486,-0.017472,2,2.046876,-4.210739,-52.022446,-1.040215
2.286191,-0.018914,2,2.043601,-4.212472,-52.025719,-1.041903
2.289897,-0.020041,2,2.040325,-4.214204,-52.028991,-1.043590
2.293602,-0.021083,2,2.037050,-4.215937,-52.032264,-1.045278
2.297307,-0.022468,2,2.033775,-4.217669,-52.035537,-1.046965
2.301013,-0.023612,2,2.030499,-4.219402,-52.038809,-1.048653
2.304718,-0.023977,2,2.027224,-4.221134,-52.042082,-1.050340
2.308423,-0.024405,2,2.023949,-4.222867,-52.045355,-1.052028
2.312129,-0.024065,2,2.020673,-4.224599,-52.048627,-1.053715
2.315834,-0.025207,2,2.017398,-4.226332,-52.051900,-1.055403
2.319539,-0.027134,2,2.014122,-4.228064,-52.055173,-1.057090
2.323245,-0.029828,2,2.010847,-4.229797,-52.058445,-1.058778
2.326950,-0.033289,2,2.007572,-4.231529,-52.061718,-1.060465
2.330655,-0.036430,2,2.004296,-4.233262,-52.064991,-1.062153
2.334361,-0.037654,2,2.001021,-4.234994,-52.068263,-1.063841
2.338066,-0.038068,2,1.997746,-4.236727,-52.071536,-1.065528
2.341771,-0.037396,2,1.994470,-4.238459,-52.074809,-1.067216
2.345477,-0.036893,2,1.991195,-4.240192,-52.078081,-1.068903
2.349182,-0.035793,2,1.987920,-4.241924,-52.081354,-1.070591
2.352887,-0.034172,2,1.984644,-4.243657,-52.084627,-1.072278
2.356593,-0.032441,2,1.981369,-4.245389,-52.087899,-1.073966
2.360298,-0.029969,2,1.978094,-4.247122,-52.091172,-1.075653
2.364003,-0.028081,2,1.974818,-4.248854,-52.094445,-1.077341
2.367709,-0.026198,2,1.971543,-4.250587,-52.097717,-1.079028
2.371414,-0.023859,2,1.968268,-4.252319,-52.100990,-1.080716
2.375119,-0.022353,2,1.964992,-4.254052,-52.104262,-1.082403
2.378825,-0.022315,2,1.961717,-4.255784,-52.107535,-1.084091
2.382530,-0.022531,2,1.958441,-4.257517,-52.110808,-1.085778
2.386235,-0.022877,2,1.955166,-4.259249,-52.114080,-1.087466
2.389941,-0.021537,2,1.951891,-4.260982,-52.117353,-1.089153
2.393646,-0.018805,2,1.948615,-4.262714,-52.120626,-1.090841
2.397351,-0.015146,2,1.945340,-4.264447,-52.123898,-1.092528
2.401057,-0.013060,2,1.942065,-4.266179,-52.127171,-1.094216
2.404762,-0.012149,2,1.938789,-4.267912,-52.130444,-1.095903
2.408467,-0.012000,2,1.935514,-4.269644,-52.133716,-1.097591
2.412173,-0.012000,2,1.932239,-4.271377,-52.136989,-1.099278
2.415878,-0.011485,2,1.928963,-4.273109,-52.140262,-1.100966
2.419584,-0.010614,2,1.925688,-4.274842,-52.143534,-1.102653
2.423289,-0.009730,2,1.922413,-4.276574,-52.146807,-1.104341
2.426994,-0.008780,2,1.919137,-4.278307,-52.150080,-1.106028
2.430700,-0.007030,2,1.915862,-4.280039,-52.153352,-1.107716
2.434405,-0.004795,2,1.912586,-4.281772,-52.156625,-1.109403
2.438110,-0.002697,2,1.909311,-4.283504,-52.159898,-1.111091
2.441816,-0.000809,2,1.906036,-4.285237,-52.163170,-1.112778
2.445521,0.000664,2,1.902760,-4.286969,-52.166443,-1.114466
2.449226,0.001815,2,1.899485,-4.288702,-52.169716,-1.116153
2.452932,0.002938,2,1.896210,-4.290434,-52.172988,-1.117841
2.456637,0.004429,2,1.892934,-4.292167,-52.176261,-1.119528
2.460342,0.006417,2,1.889659,-4.293899,-52.179534,-1.121216
2.464048,0.008195,2,1.886384,-4.295632,-52.182806,-1.122903
2.467753,0.010392,2,1.883108,-4.297364,-52.186079,-1.124591
2.471458,0.011796,2,1.879833,-4.299097,-52.189352,-1.126278
2.475164,0.012823,2,1.876558,-4.300829,-52.192624,-1.127966
2.478869,0.012473,2,1.873282,-4.302562,-52.195897,-1.129653
2.482574,0.011589,2,1.870007,-4.304294,-52.199170,-1.131341
2.486280,0.010705,2,1.866732,-4.306027,-52.202442,-1.133028
2.489985,0.010000,2,1.863456,-4.307759,-52.205715,-1.134716
2.493690,0.010000,2,1.860181,-4.309492,-52.208988,-1.136403
2.497396,0.010000,2,1.856905,-4.311224,-52.212260,-1.138091
2.501101,0.010830,2,1.853630,-4.312957,-52.215533,-1.139778
2.504806,0.011714,2,1.850355,-4.314689,-52.218806,-1.141466
2.508512,0.013023,2,1.847079,-4.316422,-52.222078,-1.143154
2.512217,0.014086,2,1.843804,-4.318154,-52.225351,-1.144841
2.515922,0.014776,2,1.840529,-4.319887,-52.228624,-1.146529
2.519628,0.014837,2,1.837253,-4.321619,-52.231896,-1.148216
2.523333,0.013679,2,1.833978,-4.323352,-52.235169,-1.149904
2.527038,0.011999,2,1.830703,-4.325084,-52.238441,-1.151591
2.530744,0.009816,2,1.827427,-4.326817,-52.241714,-1.153279
2.534449,0.006847,2,1.824152,-4.328549,-52.244987,-1.154966
2.538154,0.004899,2,1.820877,-4.330282,-52.248259,-1.156654
2.541860,0.003183,2,1.817601,-4.332014,-52.251532,-1.158341
2.545565,0.001902,2,1.814326,-4.333747,-52.254805,-1.160029
2.549270,0.001116,2,1.811051,-4.335479,-52.258077,-1.161716
2.552976,0.000578,2,1.807775,-4.337212,-52.261350,-1.163404
2.556681,0.000858,2,1.804500,-4.338944,-52.264623,-1.165091
2.560386,0.002227,2,1.801224,-4.340677,-52.267895,-1.166779
2.564092,0.002724,2,1.797949,-4.342409,-52.271168,-1.168466
2.567797,0.003000,2,1.794674,-4.344142,-52.274441,-1.170154
2.571502,0.003410,2,1.791398,-4.345874,-52.277713,-1.171841
2.575208,0.004632,2,1.788123,-4.347607,-52.280986,-1.173529
2.578913,0.005825,2,1.784848,-4.349339,-52.284259,-1.175216
2.582618,0.007167,2,1.781572,-4.351072,-52.287531,-1.176904
2.586324,0.007817,2,1.778297,-4.352804,-52.290804,-1.178591
2.590029,0.006914,2,1.775022,-4.354537,-52.294077,-1.180279
2.593734,0.005614,2,1.771746,-4.356269,-52.297349,-1.181966
2.597440,0.003561,2,1.768471,-4.358002,-52.300622,-1.183654
2.601145,0.002829,2,1.765196,-4.359734,-52.303895,-1.185341
2.604850,0.002866,2,1.761920,-4.361467,-52.307167,-1.187029
2.608556,0.003334,2,1.758645,-4.363199,-52.310440,-1.188716
2.612261,0.004489,2,1.755369,-4.364932,-52.313713,-1.190404
2.615966,0.006496,2,1.752094,-4.366664,-52.316985,-1.192091
2.619672,0.007877,2,1.748819,-4.368397,-52.320258,-1.193779
2.623377,0.008793,2,1.745543,-4.370129,-52.323531,-1.195466
2.627082,0.008329,2,1.742268,-4.371862,-52.326803,-1.197154
2.630788,0.007204,2,1.738993,-4.373594,-52.330076,-1.198841
2.634493,0.006608,2,1.735717,-4.375327,-52.333349,-1.200529
2.638198,0.006000,2,1.732442,-4.377059,-52.336621,-1.202216
2.641904,0.006414,2,1.729167,-4.378792,-52.339894,-1.203904
2.645609,0.007298,2,1.725891,-4.380524,-52.343167,-1.205591
2.649314,0.008182,2,1.722616,-4.382257,-52.346439,-1.207279
2.653020,0.009066,2,1.719341,-4.383989,-52.349712,-1.208966
2.656725,0.009559,2,1.716065,-4.385722,-52.352985,-1.210654
2.660430,0.009854,2,1.712790,-4.387454,-52.356257,-1.212341
2.664136,0.009654,2,1.709515,-4.389187,-52.359530,-1.214029
2.667841,0.009675,2,1.706239,-4.390919,-52.362803,-1.215716
2.671546,0.010485,2,1.702964,-4.392652,-52.366075,-1.217404
2.675252,0.011737,2,1.699688,-4.394384,-52.369348,-1.219091
2.678957,0.013505,2,1.696413,-4.396117,-52.372620,-1.220779
2.682662,0.015136,2,1.693138,-4.397849,-52.375893,-1.222466
2.686368,0.015849,2,1.689862,-4.399582,-52.379166,-1.224154
2.690073,0.015382,2,1.686587,-4.401314,-52.382438,-1.225842
2.693778,0.014914,2,1.683312,-4.403047,-52.385711,-1.227529
2.697484,0.014147,2,1.680036,-4.404779,-52.388984,-1.229217
2.701189,0.014000,2,1.676761,-4.406512,-52.392256,-1.230904
2.704894,0.013990,2,1.673486,-4.408244,-52.395529,-1.232592
2.708600,0.014589,2,1.670210,-4.409977,-52.398802,-1.234279
2.712305,0.014640,2,1.666935,-4.411709,-52.402074,-1.235967
2.716010,0.014692,2,1.663660,-4.413442,-52.405347,-1.237654
2.719716,0.014733,2,1.660384,-4.415174,-52.408620,-1.239342
2.723421,0.014794,2,1.657109,-4.416907,-52.411892,-1.241029
2.727126,0.014552,2,1.653833,-4.418639,-52.415165,-1.242717
2.730832,0.014761,2,1.650558,-4.420372,-52.418438,-1.244404
2.734537,0.015228,2,1.647283,-4.422104,-52.421710,-1.246092
2.738242,0.016089,2,1.644007,-4.423837,-52.424983,-1.247779
2.741948,0.017208,2,1.640732,-4.425569,-52.428256,-1.249467
2.745653,0.018321,2,1.637457,-4.427302,-52.431528,-1.251154
2.749358,0.019143,2,1.634181,-4.429034,-52.434801,-1.252842
2.753064,0.020494,2,1.630906,-4.430767,-52.438074,-1.254529
2.756769,0.021033,2,1.627631,-4.432499,-52.441346,-1.256217
2.760474,0.021501,2,1.624355,-4.434232,-52.444619,-1.257904
2.764180,0.021407,2,1.621080,-4.435964,-52.447892,-1.259592
2.767885,0.021000,2,1.617805,-4.437697,-52.451164,-1.261279
2.771590,0.021000,2,1.614529,-4.439429,-52.454437,-1.262967
2.775296,0.021145,2,1.611254,-4.441162,-52.457710,-1.264654
2.779001,0.021258,2,1.607979,-4.442894,-52.460982,-1.266342
2.782706,0.021999,2,1.604703,-4.444627,-52.464255,-1.268029
2.786412,0.022200,2,1.601428,-4.446359,-52.467528,-1.269717
2.790117,0.021759,2,1.598152,-4.448092,-52.470800,-1.271404
2.793822,0.021292,2,1.594877,-4.449824,-52.474073,-1.273092
2.797528,0.021265,2,1.591602,-4.451557,-52.477346,-1.274779
2.801233,0.020982,2,1.588326,-4.453289,-52.480618,-1.276467
2.804938,0.021191,2,1.585051,-4.455022,-52.483891,-1.278154
2.808644,0.021607,2,1.581776,-4.456754,-52.487164,-1.279842
2.812349,0.022020,2,1.578500,-4.458487,-52.490436,-1.281529
2.816054,0.021951,2,1.575225,-4.460219,-52.493709,-1.283217
2.819760,0.021859,2,1.571950,-4.461952,-52.496982,-1.284904
2.823465,0.021104,2,1.568674,-4.463684,-52.500254,-1.286592
2.827170,0.020773,2,1.565399,-4.465417,-52.503527,-1.288279
2.830876,0.020722,2,1.562124,-4.467149,-52.506799,-1.289967
2.834581,0.021043,2,1.558848,-4.468882,-52.510072,-1.291654
2.838286,0.021875,2,1.555573,-4.470614,-52.513345,-1.293342
2.841992,0.022678,2,1.552298,-4.472347,-52.516617,-1.295029
2.845697,0.023523,2,1.549022,-4.474079,-52.519890,-1.296717
2.849402,0.024120,2,1.545747,-4.475812,-52.523163,-1.298404
2.853108,0.024376,2,1.542471,-4.477544,-52.526435,-1.300092
2.856813,0.024131,2,1.539196,-4.479277,-52.529708,-1.301779
2.860518,0.023877,2,1.535921,-4.481009,-52.532981,-1.303467
2.864224,0.023410,2,1.532645,-4.482742,-52.536253,-1.305154
2.867929,0.022501,2,1.529370,-4.484474,-52.539526,-1.306842
2.871634,0.020104,2,1.526095,-4.486207,-52.542799,-1.308530
2.875340,0.017030,2,1.522819,-4.487939,-52.546071,-1.310217
2.879045,0.013789,2,1.519544,-4.489672,-52.549344,-1.311905
2.882750,0.011492,2,1.516269,-4.491404,-52.552617,-1.313592
2.886456,0.010184,2,1.512993,-4.493137,-52.555889,-1.315280
2.890161,0.009420,2,1.509718,-4.494869,-52.559162,-1.316967
2.893866,0.008614,2,1.506443,-4.496602,-52.562435,-1.318655
2.897572,0.006975,2,1.503167,-4.498334,-52.565707,-1.320342
2.901277,0.004555,2,1.499892,-4.500067,-52.568980,-1.322030
2.904982,0.001201,2,1.496616,-4.501799,-52.572253,-1.323717
2.908688,-0.003078,2,1.493341,-4.503532,-52.575525,-1.325405
2.912393,-0.009131,2,1.490066,-4.505264,-52.578798,-1.327092
2.916098,-0.015101,2,1.486790,-4.506997,-52.582071,-1.328780
2.919804,-0.020134,2,1.483515,-4.508729,-52.585343,-1.330467
2.923509,-0.024184,2,1.480240,-4.510462,-52.588616,-1.332155
2.927214,-0.025688,2,1.476964,-4.512194,-52.591889,-1.333842
2.930920,-0.029057,2,1.473689,-4.513927,-52.595161,-1.335530
2.934625,-0.033811,2,1.470414,-4.515659,-52.598434,-1.337217
2.938330,-0.041505,2,1.467138,-4.517392,-52.601707,-1.338905
2.942036,-0.049230,2,1.463863,-4.519124,-52.604979,-1.340592
2.945741,-0.054168,2,1.460588,-4.520857,-52.608252,-1.342280
2.949446,-0.054052,2,1.457312,-4.522589,-52.611525,-1.343967
2.953152,-0.050486,2,1.454037,-4.524322,-52.614797,-1.345655
2.956857,-0.046834,2,1.450762,-4.526054,-52.618070,-1.347342
2.960562,-0.043140,2,1.447486,-4.527787,-52.621343,-1.349030
2.964268,-0.039477,2,1.444211,-4.529519,-52.624615,-1.350717
2.967973,-0.035118,2,1.440935,-4.531252,-52.627888,-1.352405
2.971678,-0.030639,2,1.437660,-4.532984,-52.631161,-1.354092
2.975384,-0.026220,2,1.434385,-4.534717,-52.634433,-1.355780
2.979089,-0.023398,2,1.431109,-4.536449,-52.637706,-1.357467
2.982794,-0.021401,2,1.427834,-4.538182,-52.640978,-1.359155
2.986500,-0.021017,2,1.424559,-4.539914,-52.644251,-1.360842
2.990205,-0.020994,2,1.421283,-4.541647,-52.647524,-1.362530
2.993910,-0.020577,2,1.418008,-4.543379,-52.650796,-1.364217
2.997616,-0.020161,2,1.414733,-4.545112,-52.654069,-1.365905
3.001321,-0.019745,2,1.411457,-4.546844,-52.657342,-1.367592
3.005026,-0.019345,2,1.408182,-4.548577,-52.660614,-1.369280
3.008732,-0.019074,2,1.404907,-4.550309,-52.663887,-1.370967
3.012437,-0.019349,2,1.401631,-4.552042,-52.667160,-1.372655
3.016142,-0.018731,2,1.398356,-4.553774,-52.670432,-1.374342
3.019848,-0.016400,2,1.395080,-4.555507,-52.673705,-1.376030
3.023553,-0.012587,2,1.391805,-4.557239,-52.676978,-1.377717
3.027258,-0.008374,2,1.388530,-4.558972,-52.680250,-1.379405
3.030964,-0.003852,2,1.385254,-4.560704,-52.683523,-1.381092
3.034669,0.000381,2,1.381979,-4.562437,-52.686796,-1.382780
3.038374,0.002667,2,1.378704,-4.564169,-52.690068,-1.384467
3.042080,0.004030,2,1.375428,-4.565902,-52.693341,-1.386155
3.045785,0.004125,2,1.372153,-4.567634,-52.696614,-1.387842
3.049490,0.003368,2,1.368878,-4.569367,-52.699886,-1.389530
3.053196,0.003000,2,1.365602,-4.571099,-52.703159,-1.391218
3.056901,0.003400,2,1.362327,-4.572832,-52.706432,-1.392905
3.060606,0.004304,2,1.359052,-4.574564,-52.709704,-1.394593
3.064312,0.006669,2,1.355776,-4.576297,-52.712977,-1.396280
3.068017,0.010204,2,1.352501,-4.578029,-52.716250,-1.397968
3.071722,0.013739,2,1.349226,-4.579762,-52.719522,-1.399655
3.075428,0.016262,2,1.345950,-4.581494,-52.722795,-1.401343
3.079133,0.017206,2,1.342675,-4.583227,-52.726068,-1.403030
3.082838,0.017242,2,1.339399,-4.584959,-52.729340,-1.404718
3.086544,0.017492,2,1.336124,-4.586692,-52.732613,-1.406405
3.090249,0.019099,2,1.332849,-4.588424,-52.735886,-1.408093
3.093954,0.022661,2,1.329573,-4.590157,-52.739158,-1.409780
3.097660,0.027733,2,1.326298,-4.591889,-52.742431,-1.411468
3.101365,0.033549,2,1.323023,-4.593622,-52.745704,-1.413155
3.105070,0.038487,2,1.319747,-4.595354,-52.748976,-1.414843
3.108776,0.044197,2,1.316472,-4.597087,-52.752249,-1.416530
3.112481,0.050018,2,1.313197,-4.598819,-52.755522,-1.418218
3.116186,0.056760,2,1.309921,-4.600552,-52.758794,-1.419905
3.119892,0.064356,2,1.306646,-4.602284,-52.762067,-1.421593
3.123597,0.071476,2,1.303371,-4.604017,-52.765340,-1.423280
3.127302,0.077331,2,1.300095,-4.605749,-52.768612,-1.424968
3.131008,0.080921,2,1.296820,-4.607482,-52.771885,-1.426655
3.134713,0.082890,2,1.293545,-4.609214,-52.775157,-1.428343
3.138418,0.083475,2,1.290269,-4.610947,-52.778430,-1.430030
3.142124,0.083677,2,1.286994,-4.612679,-52.781703,-1.431718
3.145829,0.083372,2,1.283718,-4.614412,-52.784975,-1.433405
3.149534,0.083031,2,1.280443,-4.616144,-52.788248,-1.435093
3.153240,0.082195,2,1.277168,-4.617877,-52.791521,-1.436780
3.156945,0.080788,2,1.273892,-4.619609,-52.794793,-1.438468
3.160650,0.078742,2,1.270617,-4.621342,-52.798066,-1.440155
3.164356,0.075011,2,1.267342,-4.623074,-52.801339,-1.441843
3.168061,0.067892,2,1.264066,-4.624807,-52.804611,-1.443530
3.171766,0.059852,2,1.260791,-4.626539,-52.807884,-1.445218
3.175472,0.052381,2,1.257516,-4.628272,-52.811157,-1.446905
3.179177,0.046618,2,1.254240,-4.630004,-52.814429,-1.448593
3.182882,0.043433,2,1.250965,-4.631737,-52.817702,-1.450280
3.186588,0.042810,2,1.247690,-4.633469,-52.820975,-1.451968
3.190293,0.042700,2,1.244414,-4.635202,-52.824247,-1.453655
3.193998,0.042607,2,1.241139,-4.636934,-52.827520,-1.455343
3.197704,0.041672,2,1.237863,-4.638667,-52.830793,-1.457030
3.201409,0.039983,2,1.234588,-4.640399,-52.834065,-1.458718
3.205114,0.038650,2,1.231313,-4.642132,-52.837338,-1.460405
3.208820,0.037340,2,1.228037,-4.643864,-52.840611,-1.462093
3.212525,0.036481,2,1.224762,-4.645597,-52.843883,-1.463780
3.216230,0.035597,2,1.221487,-4.647329,-52.847156,-1.465468
3.219936,0.034713,2,1.218211,-4.649062,-52.850429,-1.467155
3.223641,0.033989,2,1.214936,-4.650794,-52.853701,-1.468843
3.227346,0.034022,2,1.211661,-4.652527,-52.856974,-1.470530
3.231052,0.034817,2,1.208385,-4.654259,-52.860247,-1.472218
3.234757,0.035278,2,1.205110,-4.655992,-52.863519,-1.473906
3.238462,0.036512,2,1.201835,-4.657724,-52.866792,-1.475593
3.242168,0.037863,2,1.198559,-4.659457,-52.870065,-1.477281
3.245873,0.038864,2,1.195284,-4.661189,-52.873337,-1.478968
3.249578,0.039000,2,1.192009,-4.662922,-52.876610,-1.480656
3.253284,0.039000,2,1.188733,-4.664654,-52.879883,-1.482343
3.256989,0.039018,2,1.185458,-4.666387,-52.883155,-1.484031
3.260694,0.039611,2,1.182182,-4.668119,-52.886428,-1.485718
3.264400,0.040000,2,1.178907,-4.669852,-52.889701,-1.487406
3.268105,0.040000,2,1.175632,-4.671584,-52.892973,-1.489093
3.271810,0.040660,2,1.172356,-4.673317,-52.896246,-1.490781
3.275516,0.041000,2,1.169081,-4.675049,-52.899519,-1.492468
3.279221,0.040594,2,1.165806,-4.676782,-52.902791,-1.494156
3.282926,0.039584,2,1.162530,-4.678514,-52.906064,-1.495843
3.286632,0.039311,2,1.159255,-4.680247,-52.909336,-1.497531
3.290337,0.039779,2,1.155980,-4.681979,-52.912609,-1.499218
3.294042,0.040319,2,1.152704,-4.683712,-52.915882,-1.500906
3.297748,0.042011,2,1.149429,-4.685444,-52.919154,-1.502593
3.301453,0.043684,2,1.146154,-4.687177,-52.922427,-1.504281
3.305158,0.044565,2,1.142878,-4.688909,-52.925700,-1.505968
3.308864,0.044930,2,1.139603,-4.690642,-52.928972,-1.507656
3.312569,0.044532,2,1.136327,-4.692374,-52.932245,-1.509343
3.316274,0.043295,2,1.133052,-4.694107,-52.935518,-1.511031
3.319980,0.042591,2,1.129777,-4.695839,-52.938790,-1.512718
3.323685,0.040868,2,1.126501,-4.697572,-52.942063,-1.514406
3.327390,0.039948,2,1.123226,-4.699304,-52.945336,-1.516093
3.331096,0.038212,2,1.119951,-4.701037,-52.948608,-1.517781
3.334801,0.036394,2,1.116675,-4.702769,-52.951881,-1.519468
3.338506,0.034250,2,1.113400,-4.704502,-52.955154,-1.521156
3.342212,0.031795,2,1.110125,-4.706234,-52.958426,-1.522843
3.345917,0.028144,2,1.106849,-4.707967,-52.961699,-1.524531
3.349622,0.023811,2,1.103574,-4.709699,-52.964972,-1.526218
3.353328,0.019691,2,1.100299,-4.711432,-52.968244,-1.527906
3.357033,0.014753,2,1.097023,-4.713164,-52.971517,-1.529593
3.360738,0.011558,2,1.093748,-4.714897,-52.974790,-1.531281
3.364444,0.009898,2,1.090473,-4.716629,-52.978062,-1.532968
3.368149,0.009941,2,1.087197,-4.718362,-52.981335,-1.534656
3.371854,0.011628,2,1.083922,-4.720094,-52.984608,-1.536343
3.375560,0.014157,2,1.080646,-4.721827,-52.987880,-1.538031
3.379265,0.016995,2,1.077371,-4.723559,-52.991153,-1.539718
3.382971,0.019303,2,1.074096,-4.725292,-52.994426,-1.541406
3.386676,0.019989,2,1.070820,-4.727024,-52.997698,-1.543093
3.390381,0.019054,2,1.067545,-4.728757,-53.000971,-1.544781
3.394087,0.016853,2,1.064270,-4.730489,-53.004244,-1.546468
3.397792,0.014501,2,1.060994,-4.732222,-53.007516,-1.548156
3.401497,0.012063,2,1.057719,-4.733954,-53.010789,-1.549843
3.405203,0.010239,2,1.054444,-4.735687,-53.014062,-1.551531
3.408908,0.009801,2,1.051168,-4.737419,-53.017334,-1.553218
3.412613,0.010190,2,1.047893,-4.739152,-53.020607,-1.554906
3.416319,0.011159,2,1.044618,-4.740884,-53.023880,-1.556594
3.420024,0.012725,2,1.041342,-4.742617,-53.027152,-1.558281
3.423729,0.014076,2,1.038067,-4.744349,-53.030425,-1.559969
3.427435,0.013869,2,1.034792,-4.746082,-53.033698,-1.561656
3.431140,0.012674,2,1.031516,-4.747814,-53.036970,-1.563344
3.434845,0.010131,2,1.028241,-4.749547,-53.040243,-1.565031
3.438551,0.007270,2,1.024965,-4.751279,-53.043515,-1.566719
3.442256,0.004423,2,1.021690,-4.753012,-53.046788,-1.568406
3.445961,0.002376,2,1.018415,-4.754744,-53.050061,-1.570094
3.449667,0.000742,2,1.015139,-4.756477,-53.053333,-1.571781
3.453372,-0.000091,2,1.011864,-4.758209,-53.056606,-1.573469
3.457077,-0.000536,2,1.008589,-4.759942,-53.059879,-1.575156
3.460783,-0.000795,2,1.005313,-4.761674,-53.063151,-1.576844
3.464488,-0.002206,2,1.002038,-4.763407,-53.066424,-1.578531
3.468193,-0.003422,2,0.998763,-4.765139,-53.069697,-1.580219
3.471899,-0.003226,2,0.995487,-4.766872,-53.072969,-1.581906
3.475604,-0.001750,2,0.992212,-4.768604,-53.076242,-1.583594
3.479309,-0.000491,2,0.988937,-4.770337,-53.079515,-1.585281
3.483015,0.000697,2,0.985661,-4.772069,-53.082787,-1.586969
3.486720,0.002048,2,0.982386,-4.773802,-53.086060,-1.588656
3.490425,0.003399,2,0.979110,-4.775534,-53.089333,-1.590344
3.494131,0.004794,2,0.975835,-4.777267,-53.092605,-1.592031
3.497836,0.006901,2,0.972560,-4.778999,-53.095878,-1.593719
3.501541,0.008453,2,0.969284,-4.780732,-53.099151,-1.595406
3.505247,0.009307,2,0.966009,-4.782464,-53.102423,-1.597094
3.508952,0.008569,2,0.962734,-4.784197,-53.105696,-1.598781
3.512657,0.006680,2,0.959458,-4.785929,-53.108969,-1.600469
3.516363,0.004028,2,0.956183,-4.787662,-53.112241,-1.602156
3.520068,0.001670,2,0.952908,-4.789394,-53.115514,-1.603844
3.523773,0.000436,2,0.949632,-4.791127,-53.118787,-1.605531
3.527479,0.000097,2,0.946357,-4.792859,-53.122059,-1.607219
3.531184,-0.000526,2,0.943082,-4.794592,-53.125332,-1.608906
3.534889,-0.001494,2,0.939806,-4.796324,-53.128605,-1.610594
3.538595,-0.003259,2,0.936531,-4.798057,-53.131877,-1.612281
3.542300,-0.005354,2,0.933256,-4.799789,-53.135150,-1.613969
3.546005,-0.007183,2,0.929980,-4.801522,-53.138423,-1.615656
3.549711,-0.009759,2,0.926705,-4.803254,-53.141695,-1.617344
3.553416,-0.012322,2,0.923429,-4.804987,-53.144968,-1.619031
3.557121,-0.014062,2,0.920154,-4.806719,-53.148241,-1.620719
3.560827,-0.012372,2,0.916879,-4.808452,-53.151513,-1.622406
3.564532,-0.009466,2,0.913603,-4.810184,-53.154786,-1.624094
3.568237,-0.005074,2,0.910328,-4.811917,-53.158059,-1.625781
3.571943,-0.000435,2,0.907053,-4.813649,-53.161331,-1.627469
3.575648,0.004479,2,0.903777,-4.815382,-53.164604,-1.629156
3.579353,0.009950,2,0.900502,-4.817114,-53.167877,-1.630844
3.583059,0.015472,2,0.897227,-4.818847,-53.171149,-1.632531
3.586764,0.019598,2,0.893951,-4.820579,-53.174422,-1.634219
3.590469,0.021956,2,0.890676,-4.822312,-53.177695,-1.635907
3.594175,0.022308,2,0.887401,-4.824044,-53.180967,-1.637594
3.597880,0.021198,2,0.884125,-4.825777,-53.184240,-1.639282
3.601585,0.019984,2,0.880850,-4.827509,-53.187512,-1.640969
3.605291,0.018868,2,0.877574,-4.829242,-53.190785,-1.642657
3.608996,0.017915,2,0.874299,-4.830974,-53.194058,-1.644344
3.612701,0.017053,2,0.871024,-4.832707,-53.197330,-1.646032
3.616407,0.017507,2,0.867748,-4.834439,-53.200603,-1.647719
3.620112,0.018485,2,0.864473,-4.836172,-53.203876,-1.649407
3.623817,0.020505,2,0.861198,-4.837904,-53.207148,-1.651094
3.627523,0.023460,2,0.857922,-4.839637,-53.210421,-1.652782
3.631228,0.026913,2,0.854647,-4.841369,-53.213694,-1.654469
3.634933,0.030963,2,0.851372,-4.843102,-53.216966,-1.656157
3.638639,0.035074,2,0.848096,-4.844834,-53.220239,-1.657844
3.642344,0.039881,2,0.844821,-4.846567,-53.223512,-1.659532
3.646049,0.042983,2,0.841546,-4.848299,-53.226784,-1.661219
3.649755,0.045312,2,0.838270,-4.850032,-53.230057,-1.662907
3.653460,0.046000,2,0.834995,-4.851764,-53.233330,-1.664594
3.657165,0.045425,2,0.831720,-4.853497,-53.236602,-1.666282
3.660871,0.044541,2,0.828444,-4.855229,-53.239875,-1.667969
3.664576,0.043509,2,0.825169,-4.856962,-53.243148,-1.669657
3.668281,0.042521,2,0.821893,-4.858694,-53.246420,-1.671344
3.671987,0.040890,2,0.818618,-4.860427,-53.249693,-1.673032
3.675692,0.040006,2,0.815343,-4.862159,-53.252966,-1.674719
3.679397,0.039122,2,0.812067,-4.863892,-53.256238,-1.676407
3.683103,0.039000,2,0.808792,-4.865624,-53.259511,-1.678094
3.686808,0.039405,2,0.805517,-4.867357,-53.262784,-1.679782
3.690513,0.039605,2,0.802241,-4.869089,-53.266056,-1.681469
3.694219,0.040106,2,0.798966,-4.870822,-53.269329,-1.683157
3.697924,0.040522,2,0.795691,-4.872554,-53.272602,-1.684844
3.701629,0.040938,2,0.792415,-4.874287,-53.275874,-1.686532
3.705335,0.041373,2,0.789140,-4.876019,-53.279147,-1.688219
3.709040,0.041948,2,0.785865,-4.877752,-53.282420,-1.689907
3.712745,0.041760,2,0.782589,-4.879484,-53.285692,-1.691594
3.716451,0.040808,2,0.779314,-4.881217,-53.288965,-1.693282
3.720156,0.038990,2,0.776039,-4.882949,-53.292238,-1.694969
3.723861,0.036962,2,0.772763,-4.884682,-53.295510,-1.696657
3.727567,0.034752,2,0.769488,-4.886414,-53.298783,-1.698344
3.731272,0.032266,2,0.766212,-4.888147,-53.302056,-1.700032
3.734977,0.029536,2,0.762937,-4.889879,-53.305328,-1.701719
3.738683,0.026010,2,0.759662,-4.891612,-53.308601,-1.703407
3.742388,0.022007,2,0.756386,-4.893344,-53.311874,-1.705094
3.746093,0.018790,2,0.753111,-4.895077,-53.315146,-1.706782
3.749799,0.015566,2,0.749836,-4.896809,-53.318419,-1.708469
3.753504,0.013660,2,0.746560,-4.898542,-53.321691,-1.710157
3.757209,0.012635,2,0.743285,-4.900274,-53.324964,-1.711844
3.760915,0.011467,2,0.740010,-4.902007,-53.328237,-1.713532
3.764620,0.010417,2,0.736734,-4.903739,-53.331509,-1.715219
3.768325,0.008687,2,0.733459,-4.905472,-53.334782,-1.716907
3.772031,0.007872,2,0.730184,-4.907204,-53.338055,-1.718595
3.775736,0.008265,2,0.726908,-4.908937,-53.341327,-1.720282
3.779441,0.009421,2,0.723633,-4.910669,-53.344600,-1.721970
3.783147,0.011050,2,0.720357,-4.912402,-53.347873,-1.723657
3.786852,0.013016,2,0.717082,-4.914134,-53.351145,-1.725345
3.790557,0.014602,2,0.713807,-4.915867,-53.354418,-1.727032
3.794263,0.015602,2,0.710531,-4.917599,-53.357691,-1.728720
3.797968,0.017096,2,0.707256,-4.919332,-53.360963,-1.730407
3.801673,0.017136,2,0.703981,-4.921064,-53.364236,-1.732095
3.805379,0.016668,2,0.700705,-4.922797,-53.367509,-1.733782
3.809084,0.016201,2,0.697430,-4.924529,-53.370781,-1.735470
3.812789,0.015733,2,0.694155,-4.926262,-53.374054,-1.737157
3.816495,0.015266,2,0.690879,-4.927994,-53.377327,-1.738845
3.820200,0.014705,2,0.687604,-4.929727,-53.380599,-1.740532
3.823905,0.013548,2,0.684329,-4.931459,-53.383872,-1.742220
3.827611,0.012299,2,0.681053,-4.933192,-53.387145,-1.743907
3.831316,0.010214,2,0.677778,-4.934924,-53.390417,-1.745595
3.835021,0.007791,2,0.674503,-4.936657,-53.393690,-1.747282
3.838727,0.003740,2,0.671227,-4.938389,-53.396963,-1.748970
3.842432,0.000446,2,0.667952,-4.940122,-53.400235,-1.750657
3.846137,-0.003227,2,0.664676,-4.941854,-53.403508,-1.752345
3.849843,-0.005415,2,0.661401,-4.943587,-53.406781,-1.754032
3.853548,-0.006239,2,0.658126,-4.945319,-53.410053,-1.755720
3.857253,-0.006000,2,0.654850,-4.947052,-53.413326,-1.757407
3.860959,-0.005536,2,0.651575,-4.948784,-53.416599,-1.759095
3.864664,-0.005000,2,0.648300,-4.950517,-53.419871,-1.760782
3.868369,-0.004721,2,0.645024,-4.952249,-53.423144,-1.762470
3.872075,-0.005089,2,0.641749,-4.953982,-53.426417,-1.764157
3.875780,-0.004786,2,0.638474,-4.955714,-53.429689,-1.765845
3.879485,-0.004319,2,0.635198,-4.957447,-53.432962,-1.767532
3.883191,-0.004000,2,0.631923,-4.959179,-53.436235,-1.769220
3.886896,-0.003630,2,0.628648,-4.960912,-53.439507,-1.770907
3.890601,-0.002683,2,0.625372,-4.962644,-53.442780,-1.772595
3.894307,-0.001786,2,0.622097,-4.964377,-53.446053,-1.774282
3.898012,0.000062,2,0.618821,-4.966109,-53.449325,-1.775970
3.901717,0.002297,2,0.615546,-4.967842,-53.452598,-1.777657
3.905423,0.005322,2,0.612271,-4.969574,-53.455870,-1.779345
3.909128,0.007177,2,0.608995,-4.971307,-53.459143,-1.781032
3.912833,0.008337,2,0.605720,-4.973039,-53.462416,-1.782720
3.916539,0.009012,2,0.602445,-4.974772,-53.465688,-1.784407
3.920244,0.008854,2,0.599169,-4.976504,-53.468961,-1.786095
3.923949,0.008648,2,0.595894,-4.978237,-53.472234,-1.787782
3.927655,0.007391,2,0.592619,-4.979969,-53.475506,-1.789470
3.931360,0.005572,2,0.589343,-4.981702,-53.478779,-1.791157
3.935065,0.003753,2,0.586068,-4.983434,-53.482052,-1.792845
3.938771,0.002959,2,0.582793,-4.985167,-53.485324,-1.794532
3.942476,0.004882,2,0.579517,-4.986899,-53.488597,-1.796220
3.946181,0.008091,2,0.576242,-4.988632,-53.491870,-1.797907
3.949887,0.011357,2,0.572967,-4.990364,-53.495142,-1.799595
3.953592,0.013858,2,0.569691,-4.992097,-53.498415,-1.801283
3.957297,0.016325,2,0.566416,-4.993829,-53.501688,-1.802970
3.961003,0.018002,2,0.563140,-4.995562,-53.504960,-1.804658
3.964708,0.018000,2,0.559865,-4.997294,-53.508233,-1.806345
3.968413,0.018081,2,0.556590,-4.999027,-53.511506,-1.808033
3.972119,0.017743,2,0.553314,-5.000759,-53.514778,-1.809720
3.975824,0.017164,2,0.550039,-5.002492,-53.518051,-1.811408
3.979529,0.015907,2,0.546764,-5.004224,-53.521324,-1.813095
3.983235,0.014651,2,0.543488,-5.005957,-53.524596,-1.814783
3.986940,0.013878,2,0.540213,-5.007689,-53.527869,-1.816470
3.990645,0.014645,2,0.536938,-5.009422,-53.531142,-1.818158
3.994351,0.017348,2,0.533662,-5.011154,-53.534414,-1.819845
3.998056,0.021501,2,0.530387,-5.012887,-53.537687,-1.821533
4.001761,0.025412,2,0.527112,-5.014619,-53.540960,-1.823220
4.005467,0.028156,2,0.523836,-5.016352,-53.544232,-1.824908
4.009172,0.030005,2,0.520561,-5.018084,-53.547505,-1.826595
4.012877,0.030398,2,0.517286,-5.019817,-53.550778,-1.828283
4.016583,0.029747,2,0.514010,-5.021549,-53.554050,-1.829970
4.020288,0.027476,2,0.510735,-5.023282,-53.557323,-1.831658
4.023993,0.025048,2,0.507459,-5.025014,-53.560596,-1.833345
4.027699,0.021357,2,0.504184,-5.026747,-53.563868,-1.835033
4.031404,0.017661,2,0.500909,-5.028479,-53.567141,-1.836720
4.035109,0.013708,2,0.497633,-5.030212,-53.570414,-1.838408
4.038815,0.009661,2,0.494358,-5.031944,-53.573686,-1.840095
4.042520,0.003936,2,0.491083,-5.033677,-53.576959,-1.841783
4.046225,-0.004311,2,0.487807,-5.035409,-53.580232,-1.843470
4.049931,-0.013383,2,0.484532,-5.037142,-53.583504,-1.845158
4.053636,-0.023634,2,0.481257,-5.038874,-53.586777,-1.846845
4.057341,-0.033460,2,0.477981,-5.040607,-53.590049,-1.848533
4.061047,-0.041287,2,0.474706,-5.042339,-53.593322,-1.850220
4.064752,-0.045082,2,0.471431,-5.044072,-53.596595,-1.851908
4.068457,-0.044246,2,0.468155,-5.045804,-53.599867,-1.853595
4.072163,-0.039237,2,0.464880,-5.047537,-53.603140,-1.855283
4.075868,-0.033864,2,0.461604,-5.049269,-53.606413,-1.856970
4.079573,-0.028838,2,0.458329,-5.051002,-53.609685,-1.858658
4.083279,-0.024239,2,0.455054,-5.052734,-53.612958,-1.860345
4.086984,-0.019758,2,0.451778,-5.054467,-53.616231,-1.862033
4.090689,-0.015427,2,0.448503,-5.056199,-53.619503,-1.863720
4.094395,-0.013193,2,0.445228,-5.057932,-53.622776,-1.865408
4.098100,-0.012737,2,0.441952,-5.059664,-53.626049,-1.867095
4.101805,-0.013361,2,0.438677,-5.061397,-53.629321,-1.868783
4.105511,-0.014220,2,0.435402,-5.063129,-53.632594,-1.870470
4.109216,-0.014733,2,0.432126,-5.064862,-53.635867,-1.872158
4.112921,-0.014921,2,0.428851,-5.066594,-53.639139,-1.873845
4.116627,-0.015131,2,0.425576,-5.068327,-53.642412,-1.875533
4.120332,-0.015850,2,0.422300,-5.070059,-53.645685,-1.877220
4.124037,-0.015827,2,0.419025,-5.071792,-53.648957,-1.878908
4.127743,-0.015813,2,0.415750,-5.073524,-53.652230,-1.880595
4.131448,-0.016231,2,0.412474,-5.075257,-53.655503,-1.882283
4.135153,-0.015477,2,0.409199,-5.076989,-53.658775,-1.883971
4.138859,-0.013721,2,0.405923,-5.078722,-53.662048,-1.885658
4.142564,-0.011857,2,0.402648,-5.080454,-53.665321,-1.887346
4.146269,-0.009507,2,0.399373,-5.082187,-53.668593,-1.889033
4.149975,-0.006411,2,0.396097,-5.083919,-53.671866,-1.890721
4.153680,-0.004172,2,0.392822,-5.085652,-53.675139,-1.892408
4.157385,-0.002544,2,0.389547,-5.087384,-53.678411,-1.894096
4.161091,-0.001532,2,0.386271,-5.089117,-53.681684,-1.895783
4.164796,-0.001744,2,0.382996,-5.090849,-53.684957,-1.897471
4.168501,-0.002866,2,0.379721,-5.092582,-53.688229,-1.899158
4.172207,-0.004069,2,0.376445,-5.094314,-53.691502,-1.900846
4.175912,-0.005307,2,0.373170,-5.096047,-53.694775,-1.902533
4.179617,-0.006000,2,0.369895,-5.097779,-53.698047,-1.904221
4.183323,-0.006014,2,0.366619,-5.099512,-53.701320,-1.905908
4.187028,-0.006020,2,0.363344,-5.101244,-53.704593,-1.907596
4.190733,-0.005158,2,0.360069,-5.102977,-53.707865,-1.909283
4.194439,-0.003857,2,0.356793,-5.104709,-53.711138,-1.910971
4.198144,-0.002506,2,0.353518,-5.106442,-53.714411,-1.912658
4.201849,-0.001328,2,0.350242,-5.108174,-53.717683,-1.914346
4.205555,-0.001000,2,0.346967,-5.109907,-53.720956,-1.916033
4.209260,-0.000787,2,0.343692,-5.111639,-53.724228,-1.917721
4.212965,-0.001145,2,0.340416,-5.113372,-53.727501,-1.919408
4.216671,-0.002035,2,0.337141,-5.115104,-53.730774,-1.921096
4.220376,-0.003541,2,0.333866,-5.116837,-53.734046,-1.922783
4.224081,-0.006828,2,0.330590,-5.118569,-53.737319,-1.924471
4.227787,-0.009979,2,0.327315,-5.120302,-53.740592,-1.926158
4.231492,-0.013118,2,0.324040,-5.122034,-53.743864,-1.927846
4.235197,-0.016306,2,0.320764,-5.123767,-53.747137,-1.929533
4.238903,-0.017411,2,0.317489,-5.125499,-53.750410,-1.931221
4.242608,-0.016668,2,0.314214,-5.127232,-53.753682,-1.932908
4.246313,-0.015670,2,0.310938,-5.128964,-53.756955,-1.934596
4.250019,-0.013052,2,0.307663,-5.130697,-53.760228,-1.936283
4.253724,-0.010401,2,0.304387,-5.132429,-53.763500,-1.937971
4.257429,-0.009250,2,0.301112,-5.134162,-53.766773,-1.939658
4.261135,-0.008366,2,0.297837,-5.135894,-53.770046,-1.941346
4.264840,-0.008518,2,0.294561,-5.137627,-53.773318,-1.943033
4.268545,-0.009803,2,0.291286,-5.139359,-53.776591,-1.944721
4.272251,-0.011571,2,0.288011,-5.141092,-53.779864,-1.946408
4.275956,-0.013457,2,0.284735,-5.142824,-53.783136,-1.948096
4.279661,-0.016062,2,0.281460,-5.144557,-53.786409,-1.949783
4.283367,-0.017534,2,0.278185,-5.146289,-53.789682,-1.951471
4.287072,-0.018820,2,0.274909,-5.148022,-53.792954,-1.953158
4.290777,-0.019000,2,0.271634,-5.149754,-53.796227,-1.954846
4.294483,-0.018372,2,0.268359,-5.151487,-53.799500,-1.956533
4.298188,-0.017493,2,0.265083,-5.153219,-53.802772,-1.958221
4.301893,-0.016679,2,0.261808,-5.154952,-53.806045,-1.959908
4.305599,-0.014568,2,0.258533,-5.156684,-53.809318,-1.961596
4.309304,-0.012362,2,0.255257,-5.158417,-53.812590,-1.963283
4.313009,-0.009749,2,0.251982,-5.160149,-53.815863,-1.964971
4.316715,-0.007962,2,0.248706,-5.161882,-53.819136,-1.966659
4.320420,-0.006828,2,0.245431,-5.163614,-53.822408,-1.968346
4.324125,-0.005739,2,0.242156,-5.165347,-53.825681,-1.970034
4.327831,-0.005574,2,0.238880,-5.167079,-53.828954,-1.971721
4.331536,-0.006174,2,0.235605,-5.168812,-53.832226,-1.973409
4.335241,-0.007371,2,0.232330,-5.170544,-53.835499,-1.975096
4.338947,-0.010057,2,0.229054,-5.172277,-53.838772,-1.976784
4.342652,-0.013241,2,0.225779,-5.174009,-53.842044,-1.978471
4.346358,-0.016446,2,0.222504,-5.175742,-53.845317,-1.980159
4.350063,-0.019535,2,0.219228,-5.177474,-53.848590,-1.981846
4.353768,-0.022187,2,0.215953,-5.179207,-53.851862,-1.983534
4.357474,-0.024846,2,0.212678,-5.180939,-53.855135,-1.985221
4.361179,-0.027531,2,0.209402,-5.182672,-53.858407,-1.986909
4.364884,-0.030249,2,0.206127,-5.184404,-53.861680,-1.988596
4.368590,-0.030743,2,0.202851,-5.186137,-53.864953,-1.990284
4.372295,-0.030007,2,0.199576,-5.187869,-53.868225,-1.991971
4.376000,-0.026077,2,0.196301,-5.189602,-53.871498,-1.993659
4.379706,-0.019583,2,0.193025,-5.191334,-53.874771,-1.995346
4.383411,-0.012446,2,0.189750,-5.193067,-53.878043,-1.997034
4.387116,-0.005949,2,0.186475,-5.194799,-53.881316,-1.998721
4.390822,-0.000727,2,0.183199,-5.196532,-53.884589,-2.000409
4.394527,0.002613,2,0.179924,-5.198264,-53.887861,-2.002096
4.398232,0.004129,2,0.176649,-5.199997,-53.891134,-2.003784
4.401938,0.004773,2,0.173373,-5.201729,-53.894407,-2.005471
4.405643,0.005171,2,0.170098,-5.203462,-53.897679,-2.007159
4.409348,0.006370,2,0.166823,-5.205194,-53.900952,-2.008846
4.413054,0.009350,2,0.163547,-5.206927,-53.904225,-2.010534
4.416759,0.010450,2,0.160272,-5.208659,-53.907497,-2.012221
4.420464,0.012473,2,0.156997,-5.210392,-53.910770,-2.013909
4.424170,0.010970,2,0.153721,-5.212124,-53.914043,-2.015596
4.427875,0.009769,2,0.150446,-5.213857,-53.917315,-2.017284
4.431580,0.006629,2,0.147170,-5.215589,-53.920588,-2.018971
4.435286,0.003777,2,0.143895,-5.217322,-53.923861,-2.020659
4.438991,0.001725,2,0.140620,-5.219054,-53.927133,-2.022346
4.442696,0.000542,2,0.137344,-5.220787,-53.930406,-2.024034
4.446402,-0.002254,2,0.134069,-5.222519,-53.933679,-2.025721
4.450107,-0.008554,2,0.130794,-5.224252,-53.936951,-2.027409
4.453812,-0.014220,2,0.127518,-5.225984,-53.940224,-2.029096
4.457518,-0.018926,2,0.124243,-5.227717,-53.943497,-2.030784
4.461223,-0.019782,2,0.120968,-5.229449,-53.946769,-2.032471
4.464928,-0.021157,2,0.117692,-5.231182,-53.950042,-2.034159
4.468634,-0.026358,2,0.114417,-5.232914,-53.953315,-2.035846
4.472339,-0.037629,2,0.111142,-5.234647,-53.956587,-2.037534
4.476044,-0.055868,2,0.107866,-5.236379,-53.959860,-2.039221
4.479750,-0.067719,2,0.104591,-5.238112,-53.963133,-2.040909
4.483455,-0.075193,2,0.101316,-5.239844,-53.966405,-2.042596
4.487160,-0.079138,2,0.098040,-5.241577,-53.969678,-2.044284
4.490866,-0.083245,2,0.094765,-5.243309,-53.972951,-2.045971
4.494571,-0.087926,2,0.091489,-5.245042,-53.976223,-2.047659
4.498276,-0.090307,2,0.088214,-5.246774,-53.979496,-2.049347
4.501982,-0.087537,2,0.084939,-5.248507,-53.982769,-2.051034
4.505687,-0.079646,2,0.081663,-5.250239,-53.986041,-2.052722
4.509392,-0.067170,2,0.078388,-5.251972,-53.989314,-2.054409
4.513098,-0.054295,2,0.075113,-5.253704,-53.992586,-2.056097
4.516803,-0.041925,2,0.071837,-5.255437,-53.995859,-2.057784
